smiles,ADRA1A_Antagonist,ADRA2A_Antagonist,ADRA2B_Antagonist,CAR_Antagonist,ERa_Antagonist,ERb_Antagonist,GPR119_Antagonist,GR_Agonist,HCTR1_Antagonist,PPARa_Antagonist,PPARg_Antagonist,PR_Agonist,PR_Antagonist,PXR_Agonist,RARa_Antagonist,RARb_Antagonist,RARg_Antagonist,RORa_Antagonist,RORb_Antagonist,RORg_Antagonist,RXRa_Antagonist,RXRb_Antagonist,RXRg_Antagonist,SF1_Antagonist
CCCCC(=O)N(Cc1ccc(-c2ccccc2-c2nn[nH]n2)cc1)[C@H](C(=O)O)C(C)C,0.0,0.0,0.0,,,0.0,0.0,0.0,,0.0,0.0,0.0,0.0,0.0,0.0,0.0,0.0,1.0,0.0,0.0,0.0,0.0,0.0,0.0
CCc1cc(C(=N)S)ccn1,0.0,0.0,0.0,0.0,0.0,0.0,0.0,0.0,0.0,0.0,0.0,0.0,0.0,0.0,0.0,0.0,0.0,0.0,0.0,0.0,0.0,0.0,0.0,0.0
CCC1N=C(O)c2cc(S(N)(=O)=O)c(Cl)cc2N1,0.0,0.0,0.0,0.0,0.0,0.0,0.0,0.0,,0.0,0.0,0.0,0.0,0.0,0.0,0.0,0.0,0.0,0.0,0.0,0.0,0.0,0.0,0.0
Cc1ccccc1N1C(=O)c2cc(S(N)(=O)=O)c(Cl)cc2NC1C,0.0,0.0,0.0,0.0,,0.0,0.0,0.0,,1.0,0.0,0.0,0.0,1.0,0.0,0.0,0.0,0.0,0.0,0.0,,0.0,0.0,0.0
CC(C)NCC(O)COc1cccc2ccccc12,0.0,0.0,0.0,,0.0,0.0,0.0,,,0.0,0.0,0.0,0.0,0.0,0.0,0.0,0.0,0.0,0.0,0.0,0.0,1.0,,0.0
CN=C(NC#N)NCCSCc1[nH]cnc1C,0.0,0.0,0.0,0.0,0.0,0.0,0.0,0.0,0.0,0.0,0.0,0.0,0.0,0.0,0.0,0.0,0.0,0.0,0.0,0.0,0.0,0.0,0.0,0.0
CC1CS(=O)(=O)CCN1N=Cc1ccc([N+](=O)[O-])o1,,0.0,0.0,0.0,1.0,1.0,0.0,0.0,0.0,0.0,0.0,0.0,0.0,0.0,,1.0,0.0,1.0,0.0,0.0,0.0,0.0,0.0,0.0
COc1ccc2c3c1O[C@H]1C[C@@H](O)C=C[C@@]31CCN(C)C2,0.0,0.0,0.0,0.0,0.0,0.0,0.0,0.0,0.0,0.0,0.0,0.0,0.0,0.0,0.0,0.0,0.0,0.0,0.0,0.0,0.0,0.0,0.0,0.0
Cc1cc(C)nc(NS(=O)(=O)c2ccc(N)cc2)n1,1.0,0.0,0.0,0.0,0.0,0.0,0.0,0.0,0.0,0.0,0.0,0.0,0.0,0.0,0.0,0.0,0.0,0.0,0.0,0.0,0.0,0.0,0.0,0.0
N[C@@H](Cc1cc(I)c(Oc2ccc(O)c(I)c2)c(I)c1)C(=O)O,1.0,,0.0,,,,,0.0,0.0,0.0,0.0,0.0,1.0,1.0,,,0.0,1.0,0.0,1.0,1.0,1.0,0.0,1.0
CCN(CC)C(=S)SSC(=S)N(CC)CC,1.0,0.0,0.0,0.0,0.0,0.0,0.0,0.0,0.0,0.0,0.0,0.0,0.0,0.0,0.0,0.0,0.0,0.0,0.0,0.0,0.0,0.0,0.0,0.0
C=C(CC)C(=O)c1ccc(OCC(=O)O)c(Cl)c1Cl,0.0,0.0,0.0,0.0,0.0,0.0,0.0,0.0,,1.0,,0.0,0.0,0.0,,0.0,0.0,0.0,0.0,0.0,0.0,0.0,0.0,0.0
COc1ccc(C(Cl)=C(c2ccc(OC)cc2)c2ccc(OC)cc2)cc1,,,,0.0,1.0,1.0,,0.0,,,0.0,0.0,1.0,1.0,,,0.0,0.0,0.0,0.0,1.0,1.0,,0.0
COC(=O)[C@@H]1[C@H]2C[C@H]3c4[nH]c5ccccc5c4CCN3C[C@@H]2CC[C@@H]1O,1.0,1.0,1.0,0.0,0.0,0.0,0.0,1.0,0.0,0.0,0.0,0.0,0.0,0.0,0.0,0.0,0.0,0.0,0.0,,0.0,0.0,0.0,0.0
CC(C)N1CCN(c2ccc(OC[C@H]3CO[C@](Cn4cncn4)(c4ccc(Cl)cc4Cl)O3)cc2)CC1,,1.0,1.0,0.0,0.0,0.0,0.0,1.0,0.0,1.0,0.0,1.0,0.0,1.0,1.0,1.0,1.0,0.0,1.0,0.0,1.0,1.0,1.0,1.0
COc1ccc2cc(CCC(C)=O)ccc2c1,0.0,0.0,0.0,,1.0,0.0,0.0,0.0,0.0,1.0,0.0,0.0,0.0,0.0,1.0,,0.0,0.0,1.0,,1.0,1.0,,1.0
CCCc1nn(C)c2c(=O)[nH]c(-c3cc(S(=O)(=O)N4CCN(C)CC4)ccc3OCC)nc12,1.0,0.0,0.0,0.0,0.0,0.0,0.0,0.0,0.0,0.0,0.0,0.0,0.0,1.0,0.0,0.0,0.0,0.0,0.0,0.0,0.0,0.0,0.0,0.0
NS(=O)(=O)c1cc2c(cc1Cl)NC(C1CC3C=CC1C3)NS2(=O)=O,,0.0,,,0.0,0.0,1.0,,0.0,0.0,0.0,,0.0,1.0,0.0,0.0,0.0,0.0,0.0,1.0,0.0,0.0,0.0,1.0
CC(=O)CCCCn1c(=O)c2c(ncn2C)n(C)c1=O,0.0,0.0,0.0,0.0,0.0,0.0,0.0,0.0,0.0,0.0,0.0,0.0,0.0,0.0,0.0,0.0,0.0,0.0,0.0,0.0,0.0,0.0,0.0,0.0
CC(O)=Nc1nnc(S(N)(=O)=O)s1,0.0,0.0,0.0,0.0,0.0,0.0,0.0,0.0,0.0,0.0,0.0,0.0,0.0,0.0,0.0,0.0,0.0,0.0,0.0,0.0,0.0,0.0,0.0,0.0
COc1ccc2c(c1)c(CC(=O)O)c(C)n2C(=O)c1ccc(Cl)cc1,,0.0,0.0,1.0,0.0,1.0,0.0,0.0,0.0,0.0,0.0,0.0,1.0,0.0,0.0,0.0,0.0,1.0,0.0,1.0,0.0,0.0,0.0,1.0
COc1ccc2cc([C@H](C)C(=O)O)ccc2c1,0.0,0.0,0.0,0.0,0.0,0.0,0.0,0.0,0.0,0.0,0.0,0.0,0.0,0.0,0.0,0.0,0.0,0.0,0.0,0.0,0.0,0.0,0.0,0.0
CCOc1ccc(N=C(C)O)cc1,0.0,0.0,0.0,0.0,0.0,0.0,0.0,0.0,0.0,0.0,0.0,0.0,0.0,0.0,0.0,0.0,0.0,0.0,0.0,0.0,0.0,0.0,0.0,0.0
C1CCc2nnnn2CC1,,0.0,0.0,0.0,0.0,0.0,0.0,0.0,0.0,0.0,0.0,0.0,0.0,0.0,0.0,0.0,0.0,0.0,0.0,0.0,0.0,0.0,0.0,0.0
CCCN(CCC)S(=O)(=O)c1ccc(C(=O)O)cc1,0.0,0.0,0.0,0.0,0.0,0.0,0.0,0.0,0.0,0.0,0.0,0.0,0.0,1.0,0.0,0.0,0.0,0.0,0.0,0.0,0.0,0.0,0.0,0.0
CC(C)(C)N=C(O)[C@H]1CC[C@H]2[C@@H]3CC[C@H]4N=C(O)C=C[C@]4(C)[C@H]3CC[C@]12C,0.0,0.0,0.0,0.0,0.0,0.0,0.0,0.0,0.0,0.0,0.0,0.0,0.0,0.0,0.0,0.0,0.0,0.0,0.0,0.0,,1.0,,0.0
O=C(O)Cc1ccccc1Nc1c(Cl)cccc1Cl,0.0,0.0,0.0,0.0,0.0,0.0,0.0,0.0,0.0,0.0,0.0,0.0,0.0,0.0,0.0,0.0,0.0,0.0,0.0,0.0,0.0,0.0,0.0,0.0
CC(CNC1CCCCC1)OC(=O)c1ccccc1,,0.0,0.0,0.0,0.0,1.0,0.0,0.0,,0.0,0.0,0.0,,1.0,0.0,0.0,0.0,0.0,0.0,0.0,0.0,0.0,0.0,0.0
CC(C(=O)O)c1cccc(C(=O)c2ccccc2)c1,0.0,0.0,0.0,,0.0,0.0,,0.0,0.0,0.0,0.0,0.0,0.0,0.0,0.0,0.0,0.0,,0.0,0.0,0.0,0.0,0.0,
NS(=O)(=O)c1cc2c(cc1C(F)(F)F)NCNS2(=O)=O,0.0,0.0,0.0,,0.0,1.0,0.0,0.0,0.0,0.0,1.0,0.0,0.0,0.0,0.0,0.0,0.0,0.0,0.0,0.0,0.0,0.0,0.0,0.0
C[C@]12CC[C@@H]3c4ccc(O)cc4CC[C@H]3[C@@H]1CCC2=O,0.0,0.0,0.0,0.0,0.0,1.0,,0.0,0.0,,0.0,1.0,1.0,1.0,0.0,0.0,0.0,0.0,0.0,0.0,0.0,0.0,0.0,0.0
C#CCN(C)Cc1ccccc1,0.0,0.0,0.0,0.0,0.0,0.0,0.0,0.0,0.0,0.0,0.0,0.0,0.0,0.0,0.0,0.0,0.0,0.0,1.0,0.0,0.0,0.0,0.0,0.0
COc1ccc2[nH]cc(CCN=C(C)O)c2c1,0.0,0.0,0.0,0.0,0.0,0.0,0.0,0.0,0.0,0.0,0.0,0.0,0.0,0.0,0.0,0.0,0.0,0.0,0.0,0.0,0.0,0.0,0.0,0.0
CCOc1cc(CC(O)=N[C@@H](CC(C)C)c2ccccc2N2CCCCC2)ccc1C(=O)O,0.0,0.0,0.0,0.0,0.0,,0.0,0.0,,0.0,0.0,1.0,0.0,,0.0,0.0,0.0,0.0,0.0,1.0,0.0,0.0,0.0,0.0
C[C@H](CS)C(=O)N1CCC[C@H]1C(=O)O,,0.0,0.0,0.0,0.0,0.0,0.0,0.0,0.0,0.0,0.0,0.0,0.0,0.0,0.0,0.0,0.0,0.0,0.0,0.0,0.0,0.0,0.0,0.0
CC(=O)[C@@]1(O)CC[C@H]2[C@@H]3C[C@H](C)C4=CC(=O)C=C[C@]4(C)[C@@]3(F)[C@@H](O)C[C@@]21C,,0.0,0.0,0.0,0.0,0.0,0.0,1.0,,0.0,0.0,1.0,0.0,1.0,0.0,0.0,0.0,0.0,1.0,1.0,,0.0,0.0,0.0
COc1cc(C(O)=NCc2ccc(OCCN(C)C)cc2)cc(OC)c1OC,1.0,,0.0,0.0,0.0,0.0,,0.0,0.0,0.0,0.0,0.0,0.0,0.0,0.0,0.0,0.0,0.0,0.0,0.0,0.0,0.0,0.0,0.0
N=C(O)N1c2ccccc2C=Cc2ccccc21,,0.0,0.0,0.0,0.0,0.0,0.0,0.0,0.0,0.0,0.0,0.0,0.0,0.0,0.0,0.0,0.0,0.0,0.0,0.0,0.0,0.0,0.0,0.0
CC(=O)N=c1sc(S(N)(=O)=O)nn1C,0.0,,0.0,0.0,,,0.0,0.0,0.0,0.0,0.0,0.0,0.0,0.0,0.0,0.0,0.0,1.0,0.0,0.0,0.0,0.0,0.0,0.0
Cc1cc2cc3c(C)cc(=O)oc3c(C)c2o1,0.0,0.0,0.0,0.0,1.0,1.0,0.0,0.0,0.0,1.0,0.0,0.0,0.0,,0.0,0.0,0.0,0.0,0.0,0.0,,,0.0,0.0
CCOC(=O)O[C@]1(C(=O)COC(=O)CC)CC[C@H]2[C@@H]3CCC4=CC(=O)C=C[C@]4(C)[C@H]3[C@@H](O)C[C@@]21C,,0.0,0.0,0.0,0.0,0.0,1.0,1.0,1.0,1.0,,1.0,1.0,1.0,0.0,0.0,1.0,0.0,1.0,1.0,,1.0,1.0,1.0
N=c1[nH]c2nc(=N)c(-c3ccccc3)nc-2c(N)[nH]1,0.0,0.0,,0.0,1.0,1.0,0.0,0.0,0.0,1.0,1.0,0.0,1.0,0.0,1.0,1.0,0.0,1.0,,1.0,1.0,1.0,1.0,
S=P(N1CC1)(N1CC1)N1CC1,0.0,0.0,0.0,,0.0,0.0,,0.0,0.0,0.0,0.0,0.0,0.0,0.0,,0.0,0.0,0.0,0.0,0.0,0.0,0.0,0.0,0.0
O=C(C1CCCCC1)N1CC(=O)N2CCc3ccccc3C2C1,0.0,0.0,0.0,0.0,0.0,0.0,0.0,0.0,0.0,0.0,0.0,0.0,0.0,1.0,0.0,0.0,0.0,0.0,0.0,0.0,0.0,0.0,0.0,0.0
N=c1[nH]c2ccc(OC(F)(F)F)cc2s1,0.0,0.0,0.0,0.0,0.0,0.0,0.0,0.0,0.0,1.0,0.0,0.0,0.0,0.0,0.0,0.0,0.0,0.0,0.0,0.0,0.0,0.0,0.0,0.0
CN(C(=O)CN(CCO)CC(=O)N(C)C(C)(C)Cc1ccccc1)C(C)(C)Cc1ccccc1,,,,,1.0,1.0,,0.0,,,0.0,0.0,1.0,1.0,1.0,1.0,1.0,1.0,,,1.0,1.0,1.0,1.0
CCN1CCN(C(O)=N[C@@H](C(O)=N[C@@H]2C(=O)N3C(C(=O)O)=C(CSc4nnnn4C)CS[C@H]23)c2ccc(O)cc2)C(=O)C1=O,0.0,,0.0,0.0,0.0,0.0,,0.0,0.0,0.0,0.0,0.0,0.0,,,0.0,0.0,0.0,0.0,0.0,0.0,0.0,0.0,0.0
CC1=Nc2ccc(Cl)cc2S(=O)(=O)N1,0.0,0.0,,0.0,0.0,0.0,0.0,0.0,0.0,0.0,0.0,0.0,0.0,0.0,0.0,0.0,0.0,0.0,0.0,0.0,0.0,0.0,0.0,0.0
Nc1ccc(S(=O)(=O)Nc2ccccn2)cc1,0.0,0.0,0.0,0.0,0.0,0.0,0.0,0.0,0.0,0.0,0.0,0.0,0.0,0.0,0.0,0.0,0.0,0.0,0.0,0.0,0.0,0.0,0.0,0.0
C[C@]12C=CC(=O)C=C1CC[C@H]1[C@@H]3C[C@@H](O)[C@](O)(C(=O)CO)[C@@]3(C)C[C@H](O)[C@@]12F,0.0,0.0,0.0,0.0,0.0,0.0,0.0,1.0,1.0,0.0,0.0,1.0,0.0,0.0,0.0,0.0,0.0,0.0,0.0,0.0,0.0,0.0,0.0,0.0
OCc1cc(C(O)CNCCCCCCOCCCCc2ccccc2)ccc1O,,,,0.0,0.0,0.0,,0.0,,1.0,0.0,0.0,0.0,,,1.0,1.0,0.0,0.0,0.0,1.0,1.0,1.0,0.0
NS(=O)(=O)c1cc(Cl)c(Cl)c(S(N)(=O)=O)c1,0.0,0.0,0.0,0.0,0.0,0.0,0.0,,0.0,0.0,1.0,0.0,0.0,1.0,0.0,0.0,0.0,0.0,0.0,0.0,0.0,0.0,0.0,0.0
CCC1(c2ccccc2)N=C(O)N(C)C1=O,0.0,0.0,0.0,,0.0,0.0,0.0,0.0,0.0,0.0,0.0,0.0,0.0,0.0,0.0,0.0,0.0,0.0,0.0,0.0,0.0,0.0,0.0,0.0
C=C1/C(=C\C=C2/CCC[C@]3(C)[C@@H]([C@H](C)CCCC(C)(C)O)CC[C@@H]23)C[C@@H](O)C[C@@H]1O,0.0,0.0,0.0,,1.0,1.0,1.0,0.0,0.0,0.0,1.0,0.0,,0.0,,,1.0,0.0,1.0,1.0,,1.0,0.0,1.0
COc1ccccc1OCC(O)COC(=N)O,0.0,0.0,0.0,1.0,0.0,0.0,0.0,0.0,0.0,0.0,0.0,0.0,0.0,0.0,0.0,0.0,0.0,0.0,0.0,0.0,0.0,0.0,0.0,0.0
COc1cnc(NS(=O)(=O)c2ccc(N)cc2)nc1,,0.0,0.0,0.0,0.0,0.0,,0.0,0.0,0.0,0.0,0.0,0.0,1.0,0.0,0.0,0.0,0.0,0.0,0.0,0.0,0.0,0.0,0.0
C[C@H]1COc2c(N3CCN(C)CC3)c(F)cc3c(=O)c(C(=O)O)cn1c23,0.0,0.0,0.0,1.0,1.0,1.0,0.0,0.0,,,,0.0,,0.0,,,1.0,1.0,1.0,1.0,1.0,1.0,1.0,1.0
COc1ccc(CCN2CCC(N=c3[nH]c4ccccc4n3Cc3ccc(F)cc3)CC2)cc1,,,,0.0,1.0,,,0.0,,1.0,0.0,0.0,0.0,1.0,1.0,1.0,1.0,1.0,,0.0,1.0,1.0,1.0,1.0
CC(=O)[C@H]1CC[C@H]2[C@@H]3C[C@H](C)C4=CC(=O)CC[C@]4(C)[C@H]3[C@@H](O)C[C@]12C,,0.0,1.0,0.0,,1.0,0.0,1.0,0.0,1.0,,1.0,0.0,1.0,0.0,0.0,0.0,0.0,,1.0,0.0,1.0,1.0,0.0
Cc1cn([C@H]2C[C@H](N=[N+]=[N-])[C@@H](CO)O2)c(=O)nc1O,0.0,0.0,0.0,0.0,0.0,0.0,0.0,0.0,1.0,0.0,0.0,0.0,0.0,0.0,0.0,0.0,0.0,0.0,0.0,0.0,0.0,0.0,0.0,0.0
CCN[C@H]1CN(CCCOC)S(=O)(=O)c2sc(S(N)(=O)=O)cc21,,0.0,0.0,0.0,0.0,0.0,0.0,0.0,0.0,0.0,0.0,0.0,0.0,1.0,0.0,0.0,0.0,0.0,0.0,0.0,0.0,0.0,0.0,0.0
NS(=O)(=O)c1cc2c(cc1C(F)(F)F)NC(Cc1ccccc1)NS2(=O)=O,0.0,0.0,0.0,0.0,0.0,0.0,0.0,0.0,0.0,0.0,0.0,0.0,0.0,1.0,,0.0,0.0,0.0,0.0,0.0,1.0,0.0,0.0,0.0
CC(C)Cc1ccc(C(C)C(=O)O)cc1,0.0,0.0,0.0,0.0,0.0,0.0,0.0,0.0,0.0,0.0,0.0,0.0,0.0,0.0,0.0,0.0,0.0,0.0,0.0,0.0,0.0,0.0,0.0,0.0
Cc1ccc(C)c(OCCCC(C)(C)C(=O)O)c1,0.0,0.0,0.0,0.0,0.0,0.0,0.0,0.0,1.0,0.0,0.0,0.0,0.0,0.0,0.0,0.0,0.0,0.0,0.0,0.0,0.0,0.0,0.0,0.0
CC1(C)S[C@@H]2[C@H](N=C(O)C3(N)CCCCC3)C(=O)N2[C@H]1C(=O)O,0.0,0.0,,0.0,0.0,0.0,0.0,0.0,0.0,0.0,0.0,0.0,0.0,0.0,0.0,0.0,0.0,0.0,0.0,0.0,0.0,0.0,0.0,0.0
CCS(=O)(=O)CCn1c([N+](=O)[O-])cnc1C,0.0,0.0,0.0,,0.0,0.0,0.0,0.0,0.0,0.0,0.0,1.0,0.0,0.0,,0.0,0.0,0.0,0.0,0.0,0.0,0.0,0.0,0.0
COC(=O)C1=C(C)NC(C)=C(C(=O)OC(C)C)C1c1cccc2nonc12,0.0,0.0,0.0,0.0,,0.0,1.0,0.0,,1.0,0.0,1.0,,1.0,0.0,0.0,0.0,0.0,,0.0,1.0,1.0,0.0,
N#Cc1ccc(C(c2ccc(C#N)cc2)n2cncn2)cc1,0.0,0.0,0.0,0.0,0.0,0.0,0.0,0.0,0.0,0.0,1.0,0.0,0.0,0.0,0.0,0.0,0.0,0.0,0.0,0.0,0.0,0.0,0.0,0.0
COc1c2occc2c(OC)c2c(=O)cc(C)oc12,0.0,0.0,0.0,,1.0,0.0,0.0,0.0,0.0,0.0,0.0,0.0,0.0,0.0,0.0,0.0,0.0,1.0,1.0,,0.0,0.0,0.0,0.0
O=C(O)c1cc(-c2ccc(F)cc2F)ccc1O,,0.0,0.0,,0.0,0.0,0.0,0.0,0.0,0.0,0.0,0.0,1.0,0.0,0.0,0.0,0.0,1.0,0.0,,0.0,0.0,0.0,0.0
Cc1cccc(Nc2ccccc2C(=O)O)c1C,0.0,0.0,0.0,0.0,0.0,0.0,0.0,0.0,0.0,0.0,0.0,0.0,,0.0,0.0,0.0,0.0,0.0,0.0,0.0,1.0,1.0,0.0,0.0
C#C[C@]1(O)CC[C@H]2[C@@H]3CCC4=C(CCC(=O)C4)[C@H]3CC[C@@]21C,0.0,0.0,0.0,0.0,0.0,0.0,0.0,0.0,1.0,0.0,0.0,1.0,0.0,1.0,0.0,0.0,0.0,0.0,0.0,0.0,1.0,1.0,0.0,0.0
CCn1cc(C(=O)O)c(=O)c2cc(F)c(N3CCNCC3)nc21,0.0,0.0,0.0,0.0,0.0,0.0,0.0,0.0,,0.0,0.0,0.0,0.0,0.0,0.0,0.0,0.0,0.0,0.0,0.0,1.0,0.0,0.0,0.0
COc1cc(Cc2c[nH]c(=N)[nH]c2=N)cc(OC)c1OC,0.0,0.0,0.0,0.0,0.0,0.0,0.0,0.0,,0.0,0.0,0.0,0.0,0.0,,0.0,0.0,0.0,0.0,0.0,0.0,0.0,0.0,0.0
COc1cc2nc(N3CCN(C(=O)c4ccco4)CC3)[nH]c(=N)c2cc1OC,1.0,1.0,1.0,0.0,0.0,0.0,0.0,0.0,0.0,0.0,0.0,0.0,0.0,0.0,0.0,0.0,0.0,0.0,0.0,0.0,0.0,0.0,0.0,0.0
C#C[C@]1(O)CC[C@H]2[C@@H]3CCc4cc(OC)ccc4[C@H]3CC[C@@]21C,,0.0,0.0,0.0,0.0,0.0,,0.0,0.0,1.0,0.0,1.0,0.0,1.0,0.0,0.0,0.0,0.0,0.0,0.0,1.0,1.0,0.0,0.0
Cc1cc(C)cc(OCC2CN=C(O)O2)c1,0.0,0.0,0.0,0.0,0.0,0.0,0.0,0.0,0.0,0.0,0.0,0.0,0.0,0.0,0.0,0.0,0.0,0.0,0.0,0.0,0.0,0.0,0.0,0.0
COc1cc(NC(C)CCCN)c2ncccc2c1,0.0,0.0,,0.0,0.0,0.0,0.0,0.0,0.0,,0.0,0.0,0.0,0.0,,1.0,1.0,1.0,0.0,0.0,1.0,1.0,1.0,0.0
Cc1cccc(C)c1N=C(O)C1CCCCN1C,1.0,0.0,0.0,0.0,0.0,0.0,,0.0,0.0,0.0,0.0,0.0,,0.0,0.0,0.0,0.0,0.0,0.0,0.0,0.0,0.0,0.0,0.0
Cc1ccc(=O)n(-c2ccccc2)c1,0.0,0.0,0.0,0.0,0.0,0.0,0.0,0.0,,0.0,0.0,0.0,0.0,0.0,0.0,0.0,0.0,0.0,0.0,0.0,0.0,0.0,0.0,0.0
COCCc1ccc(OCC(O)CNC(C)C)cc1,0.0,0.0,0.0,0.0,0.0,0.0,0.0,0.0,0.0,0.0,0.0,0.0,0.0,0.0,0.0,0.0,0.0,0.0,0.0,0.0,0.0,0.0,0.0,0.0
CCN1CCN(C(O)=N[C@@H](C(O)=N[C@@H]2C(=O)N3[C@@H]2SC(C)(C)[C@@H]3C(=O)O)c2ccccc2)C(=O)C1=O,0.0,0.0,0.0,0.0,0.0,0.0,0.0,0.0,0.0,0.0,0.0,0.0,0.0,0.0,0.0,0.0,0.0,0.0,0.0,0.0,0.0,0.0,0.0,0.0
CC(NC(=NC#N)N=c1cc[nH]cc1)C(C)(C)C,0.0,0.0,0.0,0.0,0.0,0.0,0.0,0.0,0.0,0.0,0.0,0.0,0.0,0.0,0.0,0.0,0.0,0.0,0.0,0.0,0.0,0.0,0.0,0.0
CC/C=C\C/C=C\C/C=C\C/C=C\C/C=C\CCCC(=O)O,0.0,0.0,0.0,0.0,1.0,0.0,0.0,0.0,0.0,0.0,1.0,0.0,,0.0,0.0,0.0,0.0,0.0,0.0,0.0,0.0,0.0,0.0,0.0
NS(=O)(=O)c1cc2c(cc1Cl)N=CNS2(=O)=O,0.0,0.0,0.0,0.0,0.0,0.0,0.0,0.0,0.0,0.0,0.0,0.0,0.0,0.0,0.0,0.0,0.0,0.0,0.0,0.0,0.0,0.0,0.0,0.0
CCOC(=O)N1CCC(=C2c3ccc(Cl)cc3CCc3cccnc32)CC1,0.0,,0.0,0.0,0.0,0.0,1.0,0.0,0.0,,0.0,0.0,1.0,1.0,,,,0.0,,0.0,1.0,1.0,1.0,1.0
Oc1c(Cl)cc(Cl)cc1Sc1cc(Cl)cc(Cl)c1O,1.0,0.0,0.0,1.0,1.0,1.0,0.0,0.0,1.0,0.0,,0.0,1.0,1.0,1.0,1.0,0.0,1.0,0.0,0.0,,,0.0,1.0
CO/N=C(\C(O)=N[C@@H]1C(=O)N2C(C(=O)O)=C(COC(=N)O)CS[C@H]12)c1ccco1,,0.0,0.0,0.0,1.0,1.0,,1.0,0.0,0.0,0.0,0.0,0.0,0.0,,0.0,0.0,0.0,0.0,0.0,0.0,0.0,0.0,0.0
CC(=O)[C@H]1CC[C@H]2[C@@H]3C=CC4=CC(=O)CC[C@@]4(C)[C@@H]3CC[C@]12C,,0.0,1.0,0.0,0.0,0.0,1.0,1.0,0.0,1.0,0.0,1.0,0.0,1.0,0.0,0.0,0.0,0.0,1.0,0.0,1.0,,0.0,0.0
NS(=O)(=O)c1cc(C2(O)N=C(O)c3ccccc32)ccc1Cl,0.0,0.0,0.0,0.0,0.0,0.0,0.0,0.0,0.0,0.0,0.0,0.0,0.0,0.0,0.0,0.0,0.0,0.0,0.0,0.0,0.0,0.0,0.0,0.0
Clc1ccc(C(Cn2ccnc2)OCc2csc3c(Cl)cccc23)c(Cl)c1,1.0,,1.0,1.0,1.0,1.0,,0.0,0.0,1.0,0.0,,1.0,1.0,1.0,1.0,,1.0,1.0,,1.0,1.0,1.0,1.0
Cc1cc(NS(=O)(=O)c2ccc(N)cc2)no1,0.0,0.0,0.0,0.0,0.0,0.0,0.0,0.0,1.0,0.0,0.0,0.0,0.0,0.0,0.0,0.0,0.0,0.0,0.0,0.0,0.0,0.0,0.0,0.0
CCCCN=C(O)NS(=O)(=O)c1ccc(C)cc1,,0.0,0.0,0.0,0.0,0.0,0.0,0.0,0.0,0.0,0.0,0.0,0.0,0.0,0.0,0.0,0.0,0.0,,0.0,0.0,0.0,0.0,0.0
Nc1ccc(S(=O)(=O)Nc2nccs2)cc1,0.0,0.0,0.0,0.0,0.0,0.0,0.0,0.0,0.0,0.0,0.0,0.0,0.0,,0.0,0.0,0.0,0.0,0.0,0.0,0.0,0.0,0.0,0.0
C[C@]12CCC(=O)C=C1CC[C@@H]1[C@@H]2[C@@H](O)C[C@@]2(C)[C@H]1CC[C@]2(O)C(=O)CO,0.0,0.0,,0.0,0.0,0.0,0.0,1.0,0.0,0.0,0.0,1.0,0.0,0.0,0.0,0.0,0.0,0.0,0.0,0.0,0.0,0.0,0.0,0.0
CC(C)NCC(O)COc1cccc2[nH]ccc12,,0.0,0.0,0.0,0.0,0.0,,1.0,0.0,0.0,0.0,0.0,0.0,0.0,0.0,0.0,0.0,,0.0,0.0,0.0,0.0,0.0,1.0
NS(=O)(=O)c1cc2c(cc1Cl)NCNS2(=O)=O,0.0,0.0,0.0,0.0,0.0,0.0,0.0,0.0,0.0,0.0,0.0,0.0,0.0,0.0,0.0,0.0,0.0,0.0,0.0,0.0,0.0,0.0,0.0,0.0
CC(=O)Oc1ccc(C(c2ccc(OC(C)=O)cc2)c2ccccn2)cc1,1.0,1.0,0.0,0.0,0.0,0.0,,1.0,0.0,0.0,0.0,1.0,0.0,1.0,0.0,0.0,0.0,0.0,,,1.0,1.0,,0.0
CCc1c(C)[nH]c2c1C(=O)C(CN1CCOCC1)CC2,1.0,1.0,0.0,0.0,0.0,0.0,0.0,0.0,0.0,0.0,0.0,0.0,0.0,0.0,0.0,0.0,0.0,0.0,0.0,0.0,0.0,0.0,0.0,0.0
CCCc1cc(O)nc(S)n1,0.0,,0.0,0.0,0.0,0.0,0.0,0.0,0.0,0.0,0.0,0.0,0.0,,0.0,0.0,0.0,0.0,1.0,0.0,0.0,0.0,0.0,0.0
C=CCN1C[C@H](C(=O)N(CCCN(C)C)C(O)=NCC)C[C@@H]2c3cccc4[nH]cc(c34)C[C@H]21,1.0,1.0,0.0,0.0,1.0,0.0,0.0,0.0,1.0,0.0,0.0,0.0,0.0,1.0,0.0,0.0,1.0,,0.0,0.0,1.0,1.0,1.0,0.0
Cc1ncc([N+](=O)[O-])n1CC(C)O,0.0,0.0,0.0,0.0,0.0,0.0,0.0,0.0,,0.0,0.0,0.0,0.0,0.0,0.0,0.0,0.0,0.0,0.0,0.0,0.0,0.0,0.0,0.0
NCC(CC(=O)O)c1ccc(Cl)cc1,0.0,0.0,0.0,0.0,0.0,0.0,0.0,0.0,,0.0,0.0,0.0,0.0,,0.0,0.0,0.0,0.0,0.0,0.0,0.0,0.0,0.0,0.0
Cn1c(=O)c2c(ncn2CC(O)CO)n(C)c1=O,0.0,0.0,0.0,,0.0,0.0,0.0,0.0,0.0,0.0,0.0,0.0,0.0,0.0,0.0,0.0,0.0,0.0,0.0,0.0,0.0,0.0,0.0,0.0
CCN1CCCC(OC(=O)C(c2ccccc2)c2ccccc2)C1,,1.0,,,0.0,0.0,1.0,,0.0,0.0,1.0,1.0,0.0,1.0,1.0,0.0,1.0,1.0,,0.0,1.0,1.0,,1.0
Cc1ccc(NC(=O)c2ccc(CN3CCN(C)CC3)cc2)cc1Nc1nccc(-c2cccnc2)n1,1.0,0.0,0.0,0.0,0.0,0.0,1.0,0.0,0.0,1.0,1.0,0.0,0.0,0.0,1.0,1.0,1.0,1.0,0.0,0.0,1.0,1.0,1.0,0.0
CCn1cc(C(=O)O)c(=O)c2cc3c(cc21)OCO3,0.0,0.0,0.0,0.0,0.0,0.0,0.0,0.0,,0.0,0.0,0.0,0.0,,0.0,0.0,0.0,0.0,0.0,0.0,0.0,0.0,0.0,0.0
Cn1cnc([N+](=O)[O-])c1Sc1ncnc2[nH]cnc12,,0.0,0.0,0.0,0.0,0.0,1.0,0.0,0.0,0.0,0.0,,0.0,1.0,0.0,,0.0,0.0,0.0,1.0,0.0,0.0,0.0,0.0
NS(=O)(=O)c1cc2c(cc1Cl)NC(C(Cl)Cl)NS2(=O)=O,0.0,0.0,0.0,0.0,0.0,0.0,0.0,0.0,,0.0,0.0,0.0,0.0,0.0,0.0,0.0,0.0,0.0,0.0,0.0,0.0,0.0,0.0,0.0
O=C(CCCN1CCC(O)(c2ccc(Cl)cc2)CC1)c1ccc(F)cc1,1.0,1.0,0.0,0.0,0.0,0.0,0.0,0.0,0.0,0.0,0.0,0.0,0.0,1.0,0.0,0.0,0.0,0.0,0.0,0.0,1.0,1.0,,0.0
Cc1onc(-c2ccccc2)c1-c1ccc(S(N)(=O)=O)cc1,0.0,0.0,0.0,0.0,0.0,0.0,0.0,0.0,0.0,1.0,0.0,0.0,0.0,1.0,0.0,0.0,0.0,0.0,0.0,0.0,1.0,1.0,,0.0
C=C[C@H]1CN2CC[C@H]1C[C@@H]2[C@@H](O)c1ccnc2ccc(OC)cc12,1.0,1.0,1.0,,0.0,0.0,0.0,0.0,0.0,0.0,0.0,0.0,1.0,0.0,0.0,0.0,0.0,1.0,0.0,0.0,0.0,0.0,0.0,0.0
CC(=O)S[C@@H]1CC2=CC(=O)CC[C@]2(C)[C@H]2CC[C@@]3(C)[C@@H](CC[C@@]34CCC(=O)O4)[C@H]12,0.0,0.0,0.0,0.0,0.0,1.0,0.0,0.0,0.0,1.0,1.0,1.0,0.0,1.0,0.0,0.0,1.0,0.0,1.0,1.0,1.0,,1.0,0.0
CCCCNc1cc(C(=O)O)cc(S(N)(=O)=O)c1Oc1ccccc1,0.0,0.0,0.0,0.0,0.0,0.0,0.0,0.0,0.0,0.0,0.0,0.0,0.0,,0.0,0.0,0.0,,0.0,0.0,0.0,0.0,0.0,1.0
O=C1C(CCS(=O)c2ccccc2)C(=O)N(c2ccccc2)N1c1ccccc1,0.0,0.0,0.0,1.0,0.0,0.0,0.0,0.0,1.0,0.0,0.0,0.0,0.0,1.0,0.0,0.0,0.0,0.0,0.0,,0.0,0.0,0.0,0.0
Oc1ccc(Cl)cc1Cc1cc(Cl)ccc1O,,,,1.0,0.0,,,0.0,,1.0,1.0,1.0,1.0,1.0,1.0,,0.0,1.0,0.0,0.0,1.0,,0.0,
CC(C)NCC(O)COc1ccc(CC(=N)O)cc1,0.0,0.0,0.0,0.0,0.0,0.0,0.0,0.0,0.0,0.0,0.0,0.0,0.0,0.0,,0.0,0.0,0.0,0.0,0.0,0.0,0.0,0.0,0.0
C#CCN(C)[C@H](C)Cc1ccccc1,0.0,0.0,0.0,0.0,0.0,0.0,0.0,0.0,0.0,0.0,0.0,0.0,0.0,0.0,0.0,0.0,0.0,0.0,0.0,0.0,0.0,0.0,0.0,0.0
C[C@]12CCC(=O)C=C1CC[C@@H]1[C@@H]2C(=O)C[C@@]2(C)[C@H]1CC[C@]2(O)C(=O)CO,0.0,0.0,0.0,1.0,0.0,0.0,0.0,,0.0,0.0,0.0,1.0,0.0,1.0,0.0,0.0,0.0,0.0,0.0,0.0,0.0,0.0,0.0,0.0
Cc1c(OCC(F)(F)F)ccnc1CS(=O)c1nc2ccccc2[nH]1,,0.0,1.0,,0.0,0.0,0.0,0.0,1.0,1.0,,0.0,0.0,1.0,0.0,0.0,1.0,0.0,0.0,0.0,0.0,0.0,0.0,0.0
COc1cc2c(cc1OC)[C@@H]1CC(=O)[C@@H](CC(C)C)CN1CC2,0.0,1.0,0.0,0.0,0.0,0.0,0.0,0.0,0.0,0.0,0.0,0.0,0.0,0.0,0.0,0.0,0.0,0.0,0.0,0.0,1.0,0.0,0.0,0.0
CC(C)C(O)=Nc1ccc([N+](=O)[O-])c(C(F)(F)F)c1,0.0,0.0,0.0,,0.0,0.0,1.0,0.0,0.0,0.0,0.0,0.0,0.0,1.0,0.0,0.0,0.0,0.0,0.0,0.0,0.0,0.0,0.0,1.0
CC1=C(CC(=O)O)c2cc(F)ccc2/C1=C\c1ccc(S(C)=O)cc1,,0.0,0.0,0.0,0.0,,,0.0,0.0,0.0,0.0,0.0,0.0,0.0,0.0,0.0,0.0,0.0,0.0,0.0,0.0,0.0,0.0,0.0
Nc1ccc(S(=O)(=O)c2ccc(N)cc2)cc1,0.0,0.0,0.0,0.0,0.0,0.0,0.0,0.0,0.0,,0.0,0.0,0.0,0.0,0.0,0.0,0.0,0.0,0.0,0.0,1.0,0.0,0.0,0.0
Cc1ccc(N(CC2=NCCN2)c2cccc(O)c2)cc1,1.0,1.0,1.0,0.0,0.0,0.0,0.0,0.0,0.0,0.0,0.0,0.0,0.0,0.0,0.0,0.0,0.0,0.0,0.0,0.0,0.0,0.0,0.0,0.0
CC1(C)O[C@@H]2C[C@H]3[C@@H]4CCC5=CC(=O)CC[C@]5(C)[C@@]4(F)[C@@H](O)C[C@]3(C)[C@]2(C(=O)CCl)O1,,1.0,1.0,0.0,0.0,0.0,1.0,1.0,1.0,1.0,0.0,1.0,0.0,1.0,0.0,0.0,0.0,0.0,1.0,1.0,1.0,1.0,,0.0
O=C(O)c1cn(C2CC2)c2cc(N3CCNCC3)c(F)cc2c1=O,0.0,0.0,0.0,0.0,0.0,0.0,,0.0,0.0,0.0,0.0,0.0,0.0,0.0,,,0.0,0.0,0.0,0.0,0.0,0.0,0.0,0.0
CC(C)(C)NCC(O)c1ccc(O)c(CO)c1,0.0,0.0,0.0,0.0,0.0,0.0,0.0,0.0,1.0,0.0,0.0,0.0,0.0,0.0,0.0,0.0,0.0,0.0,0.0,0.0,0.0,0.0,0.0,0.0
CC1Cc2ccccc2N1N=C(O)c1ccc(Cl)c(S(N)(=O)=O)c1,0.0,0.0,0.0,0.0,0.0,0.0,0.0,0.0,0.0,0.0,0.0,0.0,0.0,1.0,0.0,0.0,0.0,0.0,0.0,0.0,0.0,0.0,0.0,0.0
NS(=O)(=O)c1cc2c(cc1Cl)N=C(CSCc1ccccc1)NS2(=O)=O,0.0,1.0,1.0,0.0,0.0,0.0,0.0,0.0,0.0,0.0,0.0,0.0,0.0,0.0,0.0,0.0,0.0,0.0,0.0,0.0,0.0,0.0,0.0,0.0
Cc1cccc(N=c2cc[nH]cc2S(=O)(=O)NC(O)=NC(C)C)c1,0.0,0.0,0.0,1.0,0.0,1.0,0.0,0.0,0.0,1.0,0.0,0.0,0.0,1.0,0.0,0.0,0.0,0.0,0.0,1.0,0.0,0.0,0.0,0.0
Cc1noc(NS(=O)(=O)c2ccc(N)cc2)c1C,0.0,0.0,0.0,0.0,0.0,0.0,0.0,0.0,0.0,0.0,0.0,0.0,0.0,0.0,0.0,0.0,0.0,,1.0,0.0,0.0,0.0,0.0,0.0
CC/C(=C(\c1ccccc1)c1ccc(OCCN(C)C)cc1)c1ccccc1,,,,,1.0,1.0,,0.0,,1.0,1.0,0.0,1.0,1.0,1.0,1.0,1.0,1.0,1.0,1.0,1.0,1.0,1.0,
CCc1cccc2c3c([nH]c12)C(CC)(CC(=O)O)OCC3,0.0,0.0,0.0,0.0,0.0,0.0,0.0,0.0,,0.0,,0.0,0.0,0.0,0.0,0.0,0.0,,0.0,0.0,0.0,0.0,0.0,1.0
O=C(NNCCC(O)=NCc1ccccc1)c1ccncc1,0.0,0.0,0.0,0.0,0.0,0.0,0.0,0.0,0.0,0.0,0.0,0.0,0.0,1.0,0.0,0.0,0.0,0.0,0.0,0.0,0.0,0.0,0.0,0.0
CCN1CCCC1CN=C(O)c1cc(S(=O)(=O)CC)c(N)cc1OC,0.0,,0.0,0.0,0.0,0.0,0.0,,0.0,0.0,0.0,0.0,0.0,1.0,0.0,0.0,0.0,0.0,0.0,0.0,0.0,0.0,0.0,0.0
CC(C)NCC(O)COc1ccc(CCOCC2CC2)cc1,,0.0,0.0,0.0,0.0,0.0,0.0,0.0,0.0,0.0,0.0,0.0,0.0,0.0,0.0,0.0,1.0,0.0,0.0,0.0,1.0,1.0,1.0,0.0
CCC1(CC)C(=O)C=CN=C1O,0.0,0.0,0.0,0.0,0.0,0.0,1.0,0.0,,0.0,0.0,0.0,0.0,0.0,,0.0,0.0,0.0,0.0,0.0,0.0,0.0,0.0,0.0
O=C(O)CCc1nc(-c2ccccc2)c(-c2ccccc2)o1,0.0,0.0,0.0,0.0,0.0,0.0,0.0,0.0,0.0,0.0,0.0,0.0,0.0,0.0,0.0,0.0,0.0,0.0,0.0,0.0,0.0,0.0,0.0,0.0
COc1ccccc1OCCNCC(O)COc1cccc2[nH]c3ccccc3c12,1.0,1.0,1.0,0.0,0.0,0.0,0.0,0.0,0.0,1.0,0.0,0.0,0.0,1.0,1.0,1.0,1.0,0.0,0.0,0.0,1.0,1.0,1.0,1.0
CCn1cc(C(=O)O)c(=O)c2cc(F)c(N3CCNCC3)cc21,,0.0,0.0,0.0,0.0,0.0,0.0,0.0,0.0,0.0,0.0,0.0,0.0,0.0,,0.0,0.0,0.0,0.0,0.0,1.0,,0.0,0.0
C[C@H](CCC(=O)O)[C@H]1CC[C@H]2[C@@H]3C(=O)C[C@@H]4CC(=O)CC[C@]4(C)[C@H]3CC(=O)[C@]12C,0.0,0.0,0.0,0.0,0.0,0.0,0.0,0.0,,0.0,0.0,0.0,0.0,0.0,0.0,0.0,0.0,0.0,0.0,0.0,0.0,0.0,0.0,0.0
C[C@]12C=CC(=O)C=C1CC[C@@H]1[C@@H]2[C@@H](O)C[C@@]2(C)[C@H]1CC[C@]2(O)C(=O)CO,1.0,0.0,0.0,,0.0,0.0,0.0,1.0,0.0,0.0,0.0,1.0,0.0,0.0,0.0,0.0,0.0,0.0,0.0,0.0,0.0,0.0,0.0,0.0
C=CC1=C(C(=O)O)N2C(=O)[C@@H](N=C(O)/C(=N\OCC(=O)O)c3csc(=N)[nH]3)[C@H]2SC1,0.0,0.0,0.0,0.0,0.0,0.0,0.0,0.0,0.0,0.0,0.0,0.0,0.0,0.0,0.0,0.0,,1.0,0.0,0.0,0.0,0.0,0.0,0.0
CC(C)c1cccc(C(C)C)c1O,0.0,0.0,0.0,0.0,0.0,0.0,0.0,0.0,0.0,0.0,0.0,0.0,0.0,1.0,0.0,0.0,0.0,0.0,0.0,0.0,0.0,0.0,0.0,0.0
CCC1(C)CC(=O)N=C(O)C1,0.0,0.0,0.0,0.0,0.0,0.0,0.0,0.0,0.0,0.0,0.0,0.0,0.0,0.0,,0.0,0.0,0.0,0.0,0.0,0.0,0.0,0.0,0.0
Cc1ccc(S(=O)(=O)NC(O)=NN2CCCCCC2)cc1,1.0,0.0,0.0,0.0,0.0,0.0,0.0,0.0,0.0,0.0,0.0,0.0,0.0,0.0,0.0,0.0,0.0,0.0,0.0,0.0,0.0,0.0,0.0,0.0
CCOc1ccc2nc(S(N)(=O)=O)sc2c1,0.0,0.0,0.0,0.0,0.0,0.0,,0.0,0.0,0.0,0.0,0.0,0.0,0.0,0.0,0.0,0.0,0.0,0.0,0.0,0.0,0.0,0.0,0.0
CN1CCC(OC(c2ccccc2)c2ccccc2)CC1,1.0,1.0,1.0,0.0,0.0,0.0,,0.0,0.0,0.0,0.0,0.0,0.0,,0.0,,0.0,1.0,0.0,0.0,1.0,,,0.0
O=C(c1ccccc1)c1ccc2n1CCC2C(=O)O,0.0,0.0,0.0,0.0,0.0,0.0,0.0,0.0,,0.0,0.0,0.0,0.0,0.0,0.0,0.0,0.0,0.0,0.0,0.0,0.0,0.0,0.0,0.0
Nc1ccc(S(=O)(=O)N=C(O)c2ccccc2)cc1,0.0,0.0,0.0,1.0,0.0,0.0,0.0,0.0,0.0,0.0,0.0,0.0,0.0,0.0,0.0,0.0,0.0,0.0,0.0,0.0,0.0,0.0,0.0,0.0
O=C(O)c1ccccc1C(=O)Nc1ccc(S(=O)(=O)Nc2nccs2)cc1,0.0,0.0,0.0,0.0,0.0,0.0,0.0,0.0,,0.0,0.0,0.0,0.0,0.0,0.0,0.0,0.0,0.0,0.0,0.0,0.0,0.0,0.0,0.0
COc1ncnc(NS(=O)(=O)c2ccc(N)cc2)c1OC,0.0,0.0,0.0,0.0,0.0,0.0,0.0,0.0,1.0,0.0,,0.0,0.0,,0.0,0.0,0.0,0.0,0.0,0.0,0.0,0.0,0.0,0.0
CC(=O)CC(c1ccccc1)c1c(O)c2ccccc2oc1=O,0.0,0.0,0.0,0.0,0.0,0.0,0.0,0.0,1.0,0.0,0.0,0.0,0.0,0.0,0.0,0.0,0.0,0.0,0.0,0.0,0.0,0.0,0.0,0.0
C/C=C/C[C@@H](C)[C@@H](O)[C@H]1C(O)=N[C@@H](CC)C(=O)N(C)CC(=O)N(C)[C@@H](CC(C)C)C(O)=N[C@@H](C(C)C)C(=O)N(C)[C@@H](CC(C)C)C(O)=N[C@@H](C)C(O)=N[C@H](C)C(=O)N(C)[C@@H](CC(C)C)C(=O)N(C)[C@@H](CC(C)C)C(=O)N(C)[C@@H](C(C)C)C(=O)N1C,,,,0.0,0.0,0.0,,0.0,,0.0,0.0,0.0,,0.0,0.0,0.0,0.0,0.0,0.0,0.0,1.0,0.0,0.0,
CC1(C)O[C@@H]2C[C@H]3[C@@H]4C[C@H](F)C5=CC(=O)CC[C@]5(C)[C@H]4[C@@H](O)C[C@]3(C)[C@]2(C(=O)CO)O1,0.0,0.0,0.0,0.0,0.0,0.0,0.0,1.0,,0.0,0.0,1.0,0.0,1.0,0.0,0.0,0.0,0.0,0.0,0.0,0.0,0.0,0.0,0.0
CC(CCc1ccccc1)NC(C)C(O)c1ccc(O)cc1,1.0,1.0,1.0,0.0,0.0,0.0,0.0,0.0,,0.0,0.0,0.0,0.0,0.0,,0.0,0.0,0.0,0.0,0.0,0.0,0.0,0.0,0.0
N=c1nnc(-c2cccc(Cl)c2Cl)c(N)[nH]1,,0.0,0.0,0.0,0.0,0.0,0.0,0.0,0.0,0.0,0.0,0.0,0.0,0.0,0.0,0.0,0.0,0.0,0.0,0.0,0.0,0.0,0.0,1.0
Cc1nc(O)c(C#N)cc1-c1ccncc1,0.0,0.0,0.0,0.0,0.0,0.0,0.0,0.0,0.0,0.0,0.0,0.0,0.0,0.0,0.0,0.0,0.0,0.0,0.0,0.0,0.0,0.0,0.0,0.0
O=C1c2cccc(O)c2C(=O)c2c(O)cccc21,,0.0,0.0,0.0,0.0,0.0,1.0,0.0,0.0,0.0,0.0,0.0,0.0,1.0,,,,0.0,0.0,0.0,1.0,1.0,,0.0
CC[C@@H]1C(=O)OC[C@@H]1Cc1cncn1C,0.0,0.0,0.0,0.0,0.0,0.0,0.0,0.0,0.0,0.0,0.0,0.0,0.0,0.0,0.0,0.0,0.0,0.0,0.0,0.0,0.0,0.0,0.0,0.0
CC1=NN(c2ccccc2)C(=O)C1,0.0,0.0,0.0,0.0,0.0,0.0,,0.0,0.0,0.0,0.0,0.0,0.0,,0.0,0.0,0.0,0.0,0.0,0.0,0.0,0.0,0.0,0.0
Cc1ccnc(NS(=O)(=O)c2ccc(N)cc2)n1,0.0,0.0,0.0,0.0,0.0,,0.0,0.0,0.0,0.0,0.0,0.0,0.0,1.0,0.0,0.0,0.0,0.0,0.0,0.0,0.0,0.0,0.0,0.0
CC(=O)OC[C@H]1O[C@@H](n2ncc(O)nc2=O)[C@H](OC(C)=O)[C@@H]1OC(C)=O,0.0,0.0,0.0,0.0,0.0,0.0,0.0,0.0,,0.0,0.0,0.0,0.0,,0.0,0.0,0.0,0.0,0.0,0.0,0.0,0.0,0.0,0.0
COc1ccc([C@@H]2CC(=O)c3c(O)cc(O[C@@H]4O[C@H](CO[C@@H]5O[C@@H](C)[C@H](O)[C@@H](O)[C@H]5O)[C@@H](O)[C@H](O)[C@H]4O)cc3O2)cc1O,,0.0,0.0,0.0,,1.0,1.0,0.0,0.0,0.0,0.0,0.0,0.0,0.0,0.0,0.0,0.0,0.0,0.0,0.0,0.0,0.0,0.0,0.0
CC(C)(C)N=C(O)[C@@H]1C[C@@H]2CCCC[C@@H]2CN1C[C@@H](O)[C@H](Cc1ccccc1)N=C(O)[C@H](CC(=N)O)NC(=O)c1ccc2ccccc2n1,1.0,0.0,1.0,0.0,1.0,,0.0,0.0,0.0,1.0,,0.0,,1.0,1.0,1.0,1.0,1.0,,,1.0,1.0,1.0,1.0
Nc1ccc(S(=O)(=O)Nc2ccnn2-c2ccccc2)cc1,,0.0,0.0,0.0,0.0,0.0,0.0,0.0,0.0,0.0,0.0,0.0,0.0,0.0,0.0,0.0,0.0,0.0,0.0,0.0,0.0,0.0,0.0,0.0
Clc1ccc2c(c1)C(N1CCNCC1)=Nc1ccccc1O2,,,,0.0,,0.0,,,,,,0.0,0.0,,1.0,,1.0,1.0,1.0,0.0,1.0,1.0,,
COc1c2occc2cc2ccc(=O)oc12,0.0,0.0,0.0,0.0,0.0,,0.0,0.0,0.0,0.0,0.0,0.0,,1.0,1.0,0.0,0.0,0.0,1.0,0.0,1.0,1.0,0.0,0.0
CN1CCN(C2=Nc3cc(Cl)ccc3Nc3ccccc32)CC1,1.0,1.0,1.0,0.0,0.0,0.0,0.0,0.0,1.0,0.0,0.0,0.0,0.0,1.0,0.0,0.0,0.0,0.0,0.0,0.0,0.0,0.0,1.0,0.0
Cc1nc2n(c(=O)c1CCN1CCC(c3noc4cc(F)ccc34)CC1)CCCC2,1.0,1.0,1.0,0.0,0.0,0.0,0.0,0.0,0.0,0.0,0.0,0.0,0.0,0.0,0.0,0.0,0.0,0.0,0.0,0.0,0.0,0.0,0.0,0.0
CCN(CC)C(=O)N1CCN(C)CC1,0.0,0.0,0.0,0.0,0.0,0.0,0.0,0.0,0.0,0.0,0.0,0.0,0.0,0.0,0.0,0.0,0.0,0.0,0.0,0.0,0.0,0.0,0.0,0.0
O=c1c(O)c(-c2ccc(O)c(O)c2)oc2cc(O)cc(O)c12,1.0,0.0,0.0,0.0,1.0,1.0,0.0,0.0,1.0,0.0,0.0,1.0,0.0,,,0.0,0.0,0.0,0.0,0.0,0.0,0.0,0.0,0.0
OC(Cn1cncn1)(Cn1cncn1)c1ccc(F)cc1F,0.0,0.0,0.0,0.0,0.0,0.0,0.0,0.0,0.0,0.0,0.0,0.0,0.0,0.0,0.0,0.0,0.0,0.0,0.0,0.0,0.0,0.0,0.0,0.0
OCCN1CCN(CCCN2c3ccccc3Sc3ccc(Cl)cc32)CC1,,,,0.0,1.0,,,0.0,,1.0,1.0,0.0,0.0,,1.0,,,1.0,0.0,0.0,1.0,1.0,1.0,
CC/C(=C(/CC)c1ccc(O)cc1)c1ccc(O)cc1,,,,,0.0,1.0,,0.0,,0.0,0.0,0.0,1.0,1.0,1.0,,0.0,1.0,1.0,0.0,1.0,1.0,0.0,1.0
CC(=O)[C@H]1CC[C@H]2[C@@H]3CCC4=CC(=O)CC[C@]4(C)[C@H]3CC[C@]12C,,,1.0,,0.0,0.0,1.0,1.0,0.0,0.0,,1.0,0.0,1.0,,,1.0,0.0,,1.0,1.0,1.0,,1.0
CCCN=C(O)NS(=O)(=O)c1ccc(Cl)cc1,0.0,0.0,0.0,0.0,0.0,0.0,0.0,0.0,0.0,0.0,0.0,0.0,0.0,0.0,0.0,0.0,0.0,0.0,0.0,0.0,0.0,0.0,0.0,0.0
O=C(CCCN1CC=C(n2c(O)nc3ccccc32)CC1)c1ccc(F)cc1,1.0,0.0,1.0,0.0,0.0,0.0,0.0,0.0,0.0,1.0,0.0,0.0,,1.0,0.0,,1.0,0.0,,0.0,,1.0,1.0,
Cc1c(N(C)C)c(=O)n(-c2ccccc2)n1C,,0.0,0.0,0.0,0.0,0.0,0.0,0.0,0.0,0.0,0.0,0.0,0.0,0.0,0.0,0.0,0.0,0.0,0.0,0.0,0.0,0.0,0.0,0.0
CCC1(c2ccc(N)cc2)CCC(O)=NC1=O,0.0,0.0,0.0,0.0,0.0,0.0,0.0,0.0,1.0,0.0,,0.0,0.0,0.0,0.0,0.0,0.0,0.0,0.0,0.0,0.0,0.0,0.0,0.0
CN1CCN2c3ncccc3Cc3ccccc3C2C1,1.0,1.0,1.0,0.0,0.0,0.0,0.0,0.0,0.0,0.0,0.0,0.0,0.0,1.0,0.0,0.0,0.0,0.0,0.0,0.0,0.0,0.0,0.0,0.0
NN=c1[nH]ncc2ccccc12,0.0,0.0,0.0,0.0,0.0,0.0,0.0,0.0,0.0,0.0,0.0,0.0,0.0,1.0,0.0,0.0,0.0,0.0,0.0,0.0,0.0,0.0,0.0,0.0
O=C1CCc2cc(OCCCCc3nnnn3C3CCCCC3)ccc2N1,0.0,0.0,0.0,0.0,0.0,0.0,0.0,0.0,0.0,1.0,0.0,0.0,0.0,1.0,0.0,0.0,0.0,0.0,,0.0,1.0,1.0,1.0,0.0
C=CC1=C(C(=O)O)N2C(=O)[C@@H](N=C(O)/C(=N\O)c3csc(=N)[nH]3)[C@H]2SC1,,0.0,0.0,0.0,,0.0,0.0,0.0,,0.0,0.0,0.0,0.0,0.0,0.0,0.0,0.0,0.0,0.0,,0.0,0.0,0.0,0.0
COc1cc2nc(N3CCN(C(=O)C4COc5ccccc5O4)CC3)[nH]c(=N)c2cc1OC,1.0,1.0,0.0,0.0,0.0,0.0,0.0,0.0,0.0,0.0,0.0,0.0,0.0,0.0,0.0,0.0,1.0,0.0,1.0,0.0,1.0,1.0,1.0,0.0
CCC(C)(C)C(=O)O[C@H]1C[C@@H](C)C=C2C=C[C@H](C)[C@H](CC[C@@H]3C[C@@H](O)CC(=O)O3)[C@H]21,,,,1.0,0.0,,,0.0,,1.0,,0.0,1.0,1.0,,1.0,1.0,0.0,1.0,1.0,1.0,1.0,1.0,
Cc1ccc(-c2cc(C(F)(F)F)nn2-c2ccc(S(N)(=O)=O)cc2)cc1,,,,0.0,0.0,,,0.0,,1.0,1.0,0.0,1.0,1.0,,,1.0,0.0,,1.0,1.0,1.0,1.0,1.0
CS(=O)(=O)c1ccc(C2=C(c3ccccc3)C(=O)OC2)cc1,0.0,0.0,,0.0,0.0,0.0,0.0,0.0,1.0,0.0,0.0,0.0,0.0,0.0,,0.0,0.0,0.0,0.0,0.0,0.0,0.0,0.0,0.0
CCOC(=O)C1=C(C)NC(C)=C(C(=O)OC)C1c1cccc(Cl)c1Cl,,,,,0.0,1.0,,0.0,,1.0,,0.0,1.0,1.0,1.0,1.0,1.0,1.0,1.0,,1.0,1.0,1.0,1.0
CC(O)=Nc1ccc(O)cc1,0.0,0.0,0.0,0.0,0.0,0.0,0.0,0.0,0.0,0.0,0.0,0.0,0.0,0.0,0.0,0.0,0.0,0.0,0.0,0.0,0.0,0.0,0.0,0.0
Cc1ccc(Cl)c(Nc2ccccc2C(=O)O)c1Cl,0.0,0.0,0.0,1.0,,0.0,0.0,0.0,0.0,0.0,0.0,0.0,1.0,0.0,0.0,0.0,0.0,0.0,0.0,0.0,1.0,,0.0,0.0
Nc1ccc(S(=O)(=O)Nc2ncccn2)cc1,0.0,0.0,0.0,0.0,0.0,0.0,0.0,0.0,0.0,0.0,0.0,0.0,0.0,0.0,0.0,0.0,0.0,0.0,0.0,0.0,0.0,0.0,0.0,0.0
CC(CCc1ccccc1)NCC(O)c1ccc(O)c(C(=N)O)c1,1.0,0.0,0.0,0.0,0.0,0.0,0.0,0.0,1.0,1.0,0.0,0.0,0.0,0.0,0.0,0.0,0.0,0.0,0.0,0.0,1.0,1.0,0.0,0.0
CC1=C(/C=C/C(C)=C/C=C/C(C)=C\C(=O)O)C(C)(C)CCC1,,,,1.0,1.0,1.0,,0.0,,0.0,0.0,0.0,1.0,1.0,,0.0,0.0,0.0,0.0,1.0,0.0,0.0,0.0,1.0
CC(O)=NS(=O)(=O)c1ccc(N)cc1,0.0,,0.0,,0.0,0.0,,0.0,0.0,0.0,0.0,0.0,,0.0,0.0,0.0,0.0,0.0,0.0,0.0,0.0,0.0,0.0,0.0
NCc1ccccc1CC(O)=N[C@@H]1C(=O)N2C(C(=O)O)=C(CSc3nnnn3CC(=O)O)CS[C@H]12,0.0,0.0,0.0,0.0,1.0,1.0,0.0,0.0,0.0,1.0,,0.0,0.0,0.0,,0.0,0.0,0.0,1.0,1.0,0.0,0.0,0.0,0.0
CN1CCCCC1CCN1c2ccccc2Sc2ccc(S(C)=O)cc21,1.0,1.0,1.0,1.0,,,1.0,0.0,0.0,,1.0,0.0,1.0,0.0,1.0,,1.0,0.0,,0.0,,1.0,1.0,1.0
CC(C)NC(=N)NC(=N)Nc1ccc(Cl)cc1,1.0,,,0.0,0.0,0.0,1.0,0.0,0.0,0.0,1.0,0.0,0.0,0.0,0.0,1.0,0.0,0.0,1.0,0.0,1.0,,1.0,1.0
COc1ccc2nc(S(=O)Cc3ncc(C)c(OC)c3C)[nH]c2c1,0.0,0.0,0.0,0.0,0.0,0.0,0.0,,0.0,1.0,0.0,0.0,0.0,1.0,0.0,0.0,1.0,0.0,0.0,0.0,0.0,0.0,0.0,0.0
CCc1nnc(NS(=O)(=O)c2ccc(N)cc2)s1,0.0,0.0,0.0,,0.0,0.0,0.0,0.0,0.0,0.0,0.0,0.0,0.0,0.0,0.0,0.0,0.0,0.0,0.0,0.0,0.0,0.0,0.0,0.0
CC(C(=O)O)c1ccc(-c2ccccc2)c(F)c1,0.0,0.0,0.0,0.0,0.0,0.0,0.0,0.0,0.0,0.0,0.0,0.0,1.0,0.0,0.0,0.0,0.0,1.0,0.0,,0.0,0.0,0.0,0.0
COC(=O)[C@H]1[C@H]2C[C@@H]3c4[nH]c5cc(OC)ccc5c4CCN3C[C@H]2C[C@@H](OC(=O)/C=C/c2cc(OC)c(OC)c(OC)c2)[C@@H]1OC,,,,0.0,1.0,0.0,,0.0,,1.0,1.0,0.0,1.0,0.0,1.0,1.0,1.0,0.0,0.0,0.0,1.0,1.0,1.0,1.0
CCN(CC)CCN=C(O)c1cc(Cl)c(N)cc1OC,0.0,,0.0,0.0,0.0,0.0,0.0,0.0,0.0,0.0,0.0,0.0,0.0,0.0,0.0,0.0,0.0,0.0,0.0,0.0,0.0,0.0,0.0,0.0
Oc1ccc(C2CNCCc3c2cc(O)c(O)c3Cl)cc1,,1.0,1.0,,0.0,0.0,0.0,0.0,0.0,0.0,0.0,0.0,0.0,1.0,0.0,0.0,0.0,0.0,0.0,0.0,0.0,0.0,0.0,0.0
CC(C)(Oc1ccc(Cl)cc1)C(=O)O,0.0,0.0,0.0,0.0,0.0,,0.0,0.0,,0.0,0.0,0.0,0.0,0.0,0.0,1.0,0.0,0.0,0.0,0.0,0.0,0.0,0.0,0.0
Oc1nc2cc(Cl)ccc2o1,0.0,0.0,0.0,0.0,0.0,0.0,0.0,0.0,0.0,0.0,0.0,0.0,0.0,0.0,0.0,0.0,0.0,0.0,,0.0,0.0,0.0,0.0,0.0
NS(=O)(=O)Cc1noc2ccccc12,0.0,0.0,0.0,,0.0,0.0,0.0,0.0,0.0,1.0,0.0,,0.0,0.0,0.0,0.0,0.0,0.0,0.0,0.0,0.0,0.0,0.0,0.0
O=C1N=C(O)CCC1N1C(=O)c2ccccc2C1=O,0.0,0.0,0.0,0.0,0.0,0.0,0.0,0.0,0.0,0.0,0.0,0.0,0.0,0.0,0.0,0.0,0.0,0.0,0.0,0.0,0.0,0.0,1.0,0.0
COCCOC(=O)C1=C(C)NC(C)=C(C(=O)OC(C)C)C1c1cccc([N+](=O)[O-])c1,,,0.0,0.0,0.0,0.0,0.0,0.0,,1.0,1.0,0.0,1.0,1.0,,,1.0,,1.0,1.0,1.0,1.0,,
Cc1ccc(C(=O)c2ccc(CC(=O)O)n2C)cc1,,0.0,0.0,0.0,0.0,,0.0,0.0,1.0,0.0,0.0,0.0,0.0,0.0,0.0,0.0,0.0,0.0,0.0,0.0,0.0,0.0,0.0,0.0
C[C@@H]1C[C@H]2[C@@H]3CCC4=CC(=O)C=C[C@]4(C)[C@@]3(F)[C@@H](O)C[C@]2(C)[C@@]1(O)C(=O)CO,1.0,0.0,,0.0,0.0,0.0,0.0,1.0,0.0,0.0,0.0,1.0,0.0,1.0,0.0,0.0,0.0,0.0,0.0,0.0,0.0,0.0,0.0,0.0
C[C@H]1C[C@H]2[C@@H]3CCC4=CC(=O)C=C[C@]4(C)[C@@]3(F)[C@@H](O)C[C@]2(C)[C@@]1(O)C(=O)CO,1.0,0.0,,0.0,0.0,0.0,1.0,1.0,0.0,0.0,0.0,1.0,0.0,1.0,0.0,0.0,0.0,0.0,0.0,0.0,,0.0,0.0,0.0
CN(C)c1nc(N(C)C)nc(N(C)C)n1,0.0,0.0,0.0,0.0,0.0,0.0,0.0,0.0,0.0,0.0,0.0,0.0,0.0,0.0,0.0,0.0,0.0,0.0,0.0,0.0,0.0,0.0,0.0,0.0
CC(C)N(CCC(C(=N)O)(c1ccccc1)c1ccccn1)C(C)C,0.0,0.0,0.0,0.0,0.0,0.0,0.0,0.0,0.0,0.0,0.0,0.0,0.0,,0.0,0.0,0.0,0.0,0.0,0.0,0.0,0.0,0.0,0.0
CC(=O)CC(c1ccc([N+](=O)[O-])cc1)c1c(O)c2ccccc2oc1=O,0.0,0.0,0.0,0.0,0.0,0.0,0.0,0.0,1.0,0.0,0.0,0.0,0.0,,0.0,0.0,0.0,0.0,0.0,0.0,0.0,0.0,0.0,0.0
Cc1nnc(NS(=O)(=O)c2ccc(N)cc2)s1,0.0,0.0,0.0,0.0,0.0,0.0,0.0,0.0,,0.0,0.0,0.0,0.0,0.0,0.0,0.0,0.0,0.0,0.0,0.0,0.0,0.0,0.0,0.0
Cc1ncc([N+](=O)[O-])n1CCO,0.0,0.0,0.0,0.0,0.0,0.0,0.0,0.0,0.0,0.0,0.0,0.0,0.0,0.0,0.0,0.0,,0.0,0.0,0.0,0.0,0.0,0.0,0.0
CCn1nc(C(=O)O)c(=O)c2cc3c(cc21)OCO3,0.0,0.0,0.0,1.0,0.0,0.0,0.0,0.0,0.0,0.0,0.0,0.0,0.0,0.0,0.0,0.0,0.0,,0.0,0.0,0.0,0.0,0.0,0.0
Cc1cc(=O)n(-c2ccccc2)n1C,0.0,0.0,0.0,0.0,0.0,0.0,0.0,0.0,0.0,0.0,0.0,0.0,0.0,0.0,0.0,0.0,0.0,0.0,0.0,0.0,0.0,0.0,0.0,0.0
CC(=O)c1ccc(S(=O)(=O)NC(O)=NC2CCCCC2)cc1,1.0,1.0,0.0,0.0,0.0,0.0,,0.0,0.0,0.0,0.0,0.0,0.0,0.0,0.0,0.0,0.0,0.0,0.0,0.0,0.0,0.0,0.0,0.0
C[C@H]1C[C@@H]2[C@H]([C@@H](O)C[C@@]3(C)[C@H]2CC[C@]3(O)C(=O)CO)[C@@]2(C)C=CC(=O)C=C12,0.0,0.0,0.0,0.0,0.0,0.0,0.0,1.0,0.0,0.0,0.0,1.0,0.0,0.0,0.0,0.0,0.0,0.0,0.0,0.0,0.0,0.0,0.0,0.0
CC#C[C@]1(O)CC[C@H]2[C@@H]3CCC4=CC(=O)CCC4=C3[C@@H](c3ccc(N(C)C)cc3)C[C@@]21C,0.0,1.0,0.0,,1.0,1.0,0.0,0.0,0.0,1.0,1.0,0.0,1.0,1.0,1.0,1.0,1.0,,1.0,1.0,,,,1.0
COc1ccc(NS(=O)(=O)c2ccc(N)cc2)nn1,0.0,0.0,0.0,0.0,0.0,,1.0,0.0,0.0,0.0,0.0,0.0,0.0,,,0.0,0.0,0.0,0.0,0.0,0.0,0.0,0.0,0.0
C[C@]12CC[C@@H]3c4ccc(O)cc4CC[C@H]3[C@@H]1CC[C@@H]2O,0.0,0.0,0.0,1.0,0.0,0.0,0.0,0.0,0.0,0.0,0.0,1.0,1.0,1.0,0.0,0.0,0.0,1.0,1.0,0.0,1.0,1.0,0.0,
CC(=O)OCC(=O)[C@H]1CC[C@H]2[C@@H]3CCC4=CC(=O)CC[C@]4(C)[C@H]3CC[C@]12C,0.0,,0.0,0.0,0.0,0.0,1.0,0.0,0.0,0.0,0.0,1.0,0.0,0.0,0.0,0.0,,0.0,1.0,0.0,1.0,1.0,1.0,1.0
CC(C)(C)NCC(O)COc1cccc2c1CC(O)C(O)C2,0.0,0.0,0.0,1.0,0.0,0.0,0.0,0.0,0.0,0.0,,0.0,0.0,1.0,0.0,0.0,0.0,1.0,1.0,0.0,0.0,0.0,0.0,0.0
CCCCC1C(=O)N(c2ccccc2)N(c2ccccc2)C1=O,0.0,0.0,0.0,1.0,0.0,0.0,0.0,0.0,0.0,0.0,0.0,0.0,0.0,1.0,0.0,0.0,0.0,0.0,0.0,0.0,0.0,0.0,0.0,0.0
CN1C(=O)CCS(=O)(=O)C1c1ccc(Cl)cc1,0.0,0.0,0.0,0.0,0.0,1.0,0.0,0.0,0.0,0.0,0.0,0.0,0.0,0.0,0.0,0.0,0.0,0.0,0.0,0.0,0.0,0.0,0.0,0.0
CCN(CC)CCCC(C)Nc1ccnc2cc(Cl)ccc12,,,,0.0,,0.0,,0.0,,0.0,0.0,0.0,0.0,0.0,0.0,0.0,0.0,0.0,0.0,0.0,0.0,0.0,0.0,0.0
c1ccc2[nH]c(-c3cscn3)nc2c1,1.0,0.0,0.0,0.0,,0.0,0.0,0.0,0.0,0.0,0.0,0.0,,0.0,0.0,0.0,0.0,0.0,0.0,0.0,0.0,0.0,0.0,0.0
CC(=O)OCC(=O)[C@@]12OC(C)(C)O[C@@H]1C[C@H]1[C@@H]3C[C@H](F)C4=CC(=O)C=C[C@]4(C)[C@@]3(F)[C@@H](O)C[C@@]12C,0.0,0.0,0.0,,,,1.0,1.0,0.0,1.0,,1.0,1.0,1.0,,,,,1.0,,1.0,1.0,1.0,
CCc1nc(=N)[nH]c(N)c1-c1ccc(Cl)cc1,,,,0.0,0.0,0.0,,0.0,,0.0,0.0,0.0,0.0,0.0,0.0,0.0,0.0,0.0,0.0,0.0,0.0,0.0,0.0,0.0
CN1C(=O)CC(c2ccccc2)C1=O,0.0,0.0,0.0,0.0,0.0,0.0,0.0,0.0,0.0,0.0,0.0,0.0,0.0,1.0,0.0,0.0,0.0,0.0,0.0,0.0,0.0,0.0,0.0,0.0
CCC(=O)O[C@]1(C(=O)SCF)[C@H](C)C[C@H]2[C@@H]3C[C@H](F)C4=CC(=O)C=C[C@]4(C)[C@@]3(F)[C@@H](O)C[C@@]21C,0.0,,1.0,0.0,0.0,,,1.0,0.0,,,1.0,0.0,1.0,0.0,0.0,0.0,0.0,0.0,1.0,1.0,1.0,1.0,0.0
COc1cc2nc(N(C)CCCN=C(O)C3CCCO3)[nH]c(=N)c2cc1OC,1.0,1.0,1.0,0.0,0.0,0.0,0.0,0.0,0.0,0.0,0.0,0.0,0.0,0.0,0.0,0.0,0.0,0.0,0.0,0.0,0.0,0.0,0.0,0.0
C[C@@H]1C[C@H]2[C@@H]3C[C@H](F)C4=CC(=O)C=C[C@]4(C)[C@@]3(F)[C@@H](O)C[C@]2(C)[C@@]1(O)C(=O)CO,0.0,0.0,,0.0,0.0,0.0,0.0,1.0,0.0,0.0,0.0,1.0,0.0,1.0,0.0,0.0,0.0,0.0,1.0,1.0,0.0,0.0,0.0,0.0
C[C@H]1[C@H](N=C(O)/C(=N\OC(C)(C)C(=O)O)c2csc(=N)[nH]2)C(=O)N1S(=O)(=O)O,0.0,0.0,0.0,0.0,0.0,,0.0,0.0,0.0,0.0,0.0,0.0,0.0,0.0,0.0,0.0,0.0,0.0,0.0,0.0,0.0,0.0,0.0,0.0
CCCCC[C@H](O)/C=C/[C@H]1[C@H](O)CC(=O)[C@@H]1C/C=C\CCCC(=O)O,,0.0,0.0,0.0,0.0,0.0,0.0,0.0,0.0,0.0,0.0,0.0,0.0,0.0,0.0,0.0,0.0,0.0,0.0,,0.0,0.0,0.0,0.0
CCN(CC)CC#CCOC(=O)C(O)(c1ccccc1)C1CCCCC1,0.0,0.0,0.0,0.0,0.0,0.0,0.0,0.0,0.0,0.0,0.0,0.0,0.0,1.0,0.0,0.0,0.0,0.0,0.0,0.0,1.0,1.0,1.0,0.0
CC(=O)OCC1=C(C(=O)O)N2C(=O)[C@@H](N=C(O)Cc3cccs3)[C@H]2SC1,0.0,0.0,0.0,0.0,0.0,0.0,1.0,0.0,0.0,0.0,0.0,0.0,0.0,0.0,0.0,0.0,0.0,0.0,0.0,0.0,0.0,0.0,0.0,0.0
CC1=C2[C@H]3OC(=O)[C@@H](C)[C@@H]3CC[C@@]2(C)C=CC1=O,0.0,0.0,0.0,1.0,0.0,0.0,0.0,0.0,0.0,0.0,0.0,0.0,0.0,1.0,0.0,0.0,0.0,0.0,1.0,,0.0,0.0,0.0,1.0
Cc1cc(C(=O)NNCc2ccccc2)no1,0.0,0.0,0.0,0.0,0.0,0.0,0.0,0.0,1.0,0.0,0.0,0.0,0.0,1.0,0.0,0.0,0.0,0.0,0.0,0.0,0.0,0.0,0.0,0.0
CC(=O)N1CCN(c2ccc(OC[C@H]3CO[C@](Cn4ccnc4)(c4ccc(Cl)cc4Cl)O3)cc2)CC1,1.0,0.0,0.0,0.0,0.0,0.0,0.0,0.0,0.0,0.0,,0.0,1.0,0.0,,1.0,1.0,0.0,1.0,0.0,1.0,1.0,1.0,1.0
C[C@]12C=CC(=O)C=C1CC[C@@H]1[C@@H]2C(=O)C[C@@]2(C)[C@H]1CC[C@]2(O)C(=O)CO,0.0,0.0,0.0,0.0,0.0,0.0,0.0,0.0,0.0,0.0,0.0,1.0,0.0,0.0,0.0,0.0,0.0,0.0,0.0,0.0,0.0,0.0,0.0,0.0
Nc1ccc(S(=O)(=O)Nc2ccc(Cl)nn2)cc1,,,0.0,0.0,0.0,,1.0,0.0,0.0,0.0,0.0,0.0,0.0,0.0,0.0,0.0,0.0,1.0,0.0,0.0,0.0,0.0,0.0,0.0
N=C(O)N=C(O)Cc1ccccc1,0.0,0.0,0.0,0.0,,0.0,0.0,0.0,0.0,0.0,0.0,0.0,0.0,0.0,,0.0,0.0,0.0,0.0,0.0,0.0,0.0,0.0,0.0
O=c1nc(O)c(I)cn1[C@H]1C[C@H](O)[C@@H](CO)O1,0.0,0.0,0.0,,0.0,0.0,0.0,0.0,0.0,0.0,0.0,0.0,0.0,0.0,0.0,0.0,0.0,0.0,0.0,0.0,0.0,0.0,0.0,0.0
CC1(C)O[C@@H]2C[C@H]3[C@@H]4C[C@H](F)C5=CC(=O)C=C[C@]5(C)[C@H]4[C@@H](O)C[C@]3(C)[C@]2(C(=O)CO)O1,1.0,0.0,0.0,0.0,0.0,0.0,,1.0,0.0,0.0,0.0,1.0,0.0,1.0,0.0,0.0,0.0,0.0,0.0,0.0,0.0,0.0,0.0,0.0
COc1c(N2CCNC(C)C2)c(F)cc2c(=O)c(C(=O)O)cn(C3CC3)c12,0.0,0.0,0.0,0.0,,1.0,0.0,0.0,0.0,1.0,1.0,0.0,,0.0,1.0,,0.0,0.0,1.0,0.0,1.0,1.0,,
N=C(N)Nc1nc(CSCCC(=N)NS(N)(=O)=O)cs1,,0.0,0.0,,0.0,1.0,0.0,0.0,0.0,0.0,0.0,0.0,0.0,0.0,0.0,0.0,0.0,,1.0,0.0,0.0,0.0,0.0,0.0
CC1(C)N=C(O)N(c2ccc([N+](=O)[O-])c(C(F)(F)F)c2)C1=O,0.0,0.0,0.0,0.0,0.0,0.0,0.0,0.0,0.0,0.0,0.0,0.0,0.0,0.0,0.0,0.0,0.0,0.0,0.0,0.0,0.0,0.0,0.0,0.0
CN1Cc2c(N)cccc2C(c2ccccc2)C1,1.0,0.0,0.0,0.0,0.0,0.0,0.0,0.0,0.0,0.0,0.0,0.0,0.0,1.0,0.0,0.0,0.0,0.0,0.0,0.0,0.0,0.0,0.0,0.0
Brc1c(NC2=NCCN2)ccc2nccnc12,1.0,0.0,0.0,1.0,,1.0,0.0,0.0,0.0,1.0,1.0,0.0,,0.0,1.0,,1.0,0.0,1.0,0.0,1.0,,,1.0
N=c1[nH]c2cc(Cl)ccc2o1,0.0,0.0,0.0,0.0,0.0,0.0,0.0,0.0,0.0,0.0,0.0,0.0,0.0,0.0,0.0,0.0,0.0,0.0,0.0,0.0,,0.0,0.0,0.0
CCC(O)=NCC[C@@H]1CCc2ccc3c(c21)CCO3,0.0,0.0,0.0,0.0,0.0,0.0,0.0,0.0,1.0,0.0,0.0,0.0,0.0,0.0,0.0,0.0,0.0,0.0,0.0,0.0,0.0,0.0,0.0,0.0
CC(C)OC(=O)C(C)(C)Oc1ccc(C(=O)c2ccc(Cl)cc2)cc1,0.0,0.0,0.0,0.0,0.0,0.0,0.0,0.0,0.0,1.0,0.0,0.0,0.0,1.0,0.0,,0.0,0.0,,1.0,1.0,1.0,1.0,1.0
O=C(O)c1cc(-c2ccccc2)nc2ccccc12,0.0,0.0,0.0,0.0,0.0,0.0,0.0,0.0,0.0,0.0,0.0,0.0,0.0,,0.0,0.0,0.0,0.0,0.0,0.0,0.0,0.0,0.0,0.0
OC(=Nc1ccccc1)OCC(CN1CCCCC1)OC(O)=Nc1ccccc1,0.0,0.0,,0.0,0.0,0.0,1.0,0.0,0.0,0.0,0.0,0.0,,1.0,0.0,0.0,1.0,0.0,0.0,0.0,1.0,1.0,,0.0
OCCNCCO,0.0,0.0,0.0,0.0,0.0,0.0,0.0,0.0,0.0,0.0,0.0,0.0,0.0,0.0,0.0,0.0,0.0,0.0,0.0,0.0,0.0,0.0,0.0,0.0
CCOC(=O)Oc1c(OC)cc(C(=O)O[C@@H]2C[C@@H]3CN4CCc5c([nH]c6cc(OC)ccc56)[C@H]4C[C@@H]3[C@H](C(=O)OC)[C@H]2OC)cc1OC,,,,0.0,1.0,1.0,,0.0,,,,0.0,1.0,1.0,1.0,1.0,1.0,,1.0,1.0,1.0,1.0,1.0,0.0
Cn1c(=O)c2nc[nH]c2n(C)c1=O,0.0,0.0,0.0,,0.0,0.0,0.0,0.0,0.0,0.0,0.0,0.0,0.0,0.0,0.0,0.0,0.0,0.0,1.0,0.0,0.0,0.0,0.0,1.0
Cc1cnc(C(O)=NCCc2ccc(S(=O)(=O)NC(O)=NC3CCCCC3)cc2)cn1,0.0,0.0,0.0,,0.0,0.0,0.0,0.0,0.0,0.0,0.0,0.0,0.0,0.0,0.0,0.0,0.0,0.0,0.0,0.0,0.0,0.0,0.0,1.0
O=C(O)COCCN1CCN(C(c2ccccc2)c2ccc(Cl)cc2)CC1,1.0,0.0,0.0,0.0,0.0,0.0,,0.0,0.0,0.0,0.0,0.0,0.0,0.0,0.0,0.0,0.0,0.0,0.0,0.0,0.0,0.0,0.0,0.0
OC(c1ccccc1)(c1ccccc1)C1CCNCC1,0.0,0.0,,0.0,0.0,0.0,0.0,0.0,0.0,0.0,0.0,0.0,0.0,0.0,0.0,0.0,0.0,0.0,0.0,0.0,0.0,0.0,0.0,0.0
COc1ccc(Cl)cc1C(O)=NCCc1ccc(S(=O)(=O)NC(O)=NC2CCCCC2)cc1,0.0,0.0,0.0,0.0,0.0,0.0,0.0,0.0,,0.0,0.0,0.0,0.0,1.0,0.0,0.0,0.0,0.0,0.0,0.0,0.0,0.0,0.0,0.0
O=c1ccc2ccccc2o1,0.0,0.0,0.0,1.0,0.0,0.0,0.0,0.0,,0.0,0.0,0.0,0.0,0.0,0.0,0.0,0.0,0.0,0.0,0.0,0.0,0.0,0.0,0.0
NS(=O)(=O)c1cc(C(=O)O)c(NCc2ccco2)cc1Cl,,0.0,0.0,0.0,,0.0,0.0,0.0,0.0,0.0,,0.0,0.0,0.0,0.0,0.0,0.0,0.0,0.0,0.0,0.0,0.0,0.0,0.0
