fraction,split_name,assay_id,assay_type,auroc,auprc,test_set_length,num_actives,num_inactives,n_train_compounds,n_valid_compounds_unused,n_test_compounds,n_train_labels,n_train_pos,n_train_neg,feature,model,constant_fallback
0.1%,K10,10_20,bacterial,,,25,2,23,10,12934,3226,0,0,0,Cells_Number_Object_Number,per_assay_lr,True
0.1%,K10,104_291,cell,,,18,2,16,10,12934,3226,0,0,0,Cells_Number_Object_Number,per_assay_lr,True
0.1%,K10,104_297,cell,,,11,1,10,10,12934,3226,0,0,0,Cells_Number_Object_Number,per_assay_lr,True
0.1%,K10,105_341,cell,,,18,3,15,10,12934,3226,0,0,0,Cells_Number_Object_Number,per_assay_lr,True
0.1%,K10,105_382,cell,,,18,5,13,10,12934,3226,0,0,0,Cells_Number_Object_Number,per_assay_lr,True
0.1%,K10,105_391,cell,,,11,1,10,10,12934,3226,0,0,0,Cells_Number_Object_Number,per_assay_lr,True
0.1%,K10,11_21,bacterial,,,10,3,7,10,12934,3226,0,0,0,Cells_Number_Object_Number,per_assay_lr,True
0.1%,K10,110_400,cell,,,49,2,47,10,12934,3226,1,0,1,Cells_Number_Object_Number,per_assay_lr,True
0.1%,K10,116_413,yeast,,,21,2,19,10,12934,3226,1,0,1,Cells_Number_Object_Number,per_assay_lr,True
0.1%,K10,116_414,yeast,,,21,1,20,10,12934,3226,1,0,1,Cells_Number_Object_Number,per_assay_lr,True
0.1%,K10,116_415,yeast,,,10,4,6,10,12934,3226,0,0,0,Cells_Number_Object_Number,per_assay_lr,True
0.1%,K10,16_27,cell,,,18,5,13,10,12934,3226,1,0,1,Cells_Number_Object_Number,per_assay_lr,True
0.1%,K10,169_545,cell,,,27,5,22,10,12934,3226,0,0,0,Cells_Number_Object_Number,per_assay_lr,True
0.1%,K10,17_28,cell,,,15,1,14,10,12934,3226,1,0,1,Cells_Number_Object_Number,per_assay_lr,True
0.1%,K10,170_550,cell,,,20,2,18,10,12934,3226,0,0,0,Cells_Number_Object_Number,per_assay_lr,True
0.1%,K10,175_559,cell,,,10,1,9,10,12934,3226,0,0,0,Cells_Number_Object_Number,per_assay_lr,True
0.1%,K10,178_684,cell,,,220,22,198,10,12934,3226,0,0,0,Cells_Number_Object_Number,per_assay_lr,True
0.1%,K10,180_686,fungal,,,153,14,139,10,12934,3226,0,0,0,Cells_Number_Object_Number,per_assay_lr,True
0.1%,K10,184_606,cell,,,220,30,190,10,12934,3226,0,0,0,Cells_Number_Object_Number,per_assay_lr,True
0.1%,K10,19_30,cell,,,15,4,11,10,12934,3226,1,0,1,Cells_Number_Object_Number,per_assay_lr,True
0.1%,K10,191_630,biochem,,,550,15,535,10,12934,3226,2,0,2,Cells_Number_Object_Number,per_assay_lr,True
0.1%,K10,191_675,biochem,,,184,2,182,10,12934,3226,0,0,0,Cells_Number_Object_Number,per_assay_lr,True
0.1%,K10,197_648,biochem,,,31,2,29,10,12934,3226,0,0,0,Cells_Number_Object_Number,per_assay_lr,True
0.1%,K10,197_649,biochem,,,318,47,271,10,12934,3226,0,0,0,Cells_Number_Object_Number,per_assay_lr,True
0.1%,K10,197_650,biochem,,,318,23,295,10,12934,3226,0,0,0,Cells_Number_Object_Number,per_assay_lr,True
0.1%,K10,198_682,cell,,,391,24,367,10,12934,3226,2,0,2,Cells_Number_Object_Number,per_assay_lr,True
0.1%,K10,200_658,cell,,,9,2,7,10,12934,3226,0,0,0,Cells_Number_Object_Number,per_assay_lr,True
0.1%,K10,217_689,bacterial,,,312,22,290,10,12934,3226,1,0,1,Cells_Number_Object_Number,per_assay_lr,True
0.1%,K10,219_691,biochem,,,409,10,399,10,12934,3226,3,0,3,Cells_Number_Object_Number,per_assay_lr,True
0.1%,K10,224_696,bacterial,,,482,27,455,10,12934,3226,3,0,3,Cells_Number_Object_Number,per_assay_lr,True
0.1%,K10,228_700,biochem,,,172,20,152,10,12934,3226,0,0,0,Cells_Number_Object_Number,per_assay_lr,True
0.1%,K10,229_701,cell,,,715,67,648,10,12934,3226,3,0,3,Cells_Number_Object_Number,per_assay_lr,True
0.1%,K10,232_704,cell,,,395,32,363,10,12934,3226,2,0,2,Cells_Number_Object_Number,per_assay_lr,True
0.1%,K10,244_718,biochem,,,2613,17,2596,10,12934,3226,9,0,9,Cells_Number_Object_Number,per_assay_lr,True
0.1%,K10,247_721,biochem,,,2538,37,2501,10,12934,3226,6,0,6,Cells_Number_Object_Number,per_assay_lr,True
0.1%,K10,250_726,cell,,,387,5,382,10,12934,3226,4,0,4,Cells_Number_Object_Number,per_assay_lr,True
0.1%,K10,259_737,biochem,,,1238,3,1235,10,12934,3226,3,0,3,Cells_Number_Object_Number,per_assay_lr,True
0.1%,K10,268_746,biochem,,,2385,74,2311,10,12934,3226,6,0,6,Cells_Number_Object_Number,per_assay_lr,True
0.1%,K10,269_747,cell,0.47576166976416884,0.05113708249622499,2981,157,2824,10,12934,3226,10,1,9,Cells_Number_Object_Number,per_assay_lr,False
0.1%,K10,271_749,cell,0.4436018309762929,0.14607604455656176,338,51,287,10,12934,3226,3,1,2,Cells_Number_Object_Number,per_assay_lr,False
0.1%,K10,281_760,cell,,,404,6,398,10,12934,3226,3,0,3,Cells_Number_Object_Number,per_assay_lr,True
0.1%,K10,37_74,cell,,,11,2,9,10,12934,3226,0,0,0,Cells_Number_Object_Number,per_assay_lr,True
0.1%,K10,42_104,cell,,,10,1,9,10,12934,3226,0,0,0,Cells_Number_Object_Number,per_assay_lr,True
0.1%,K10,7_10,bacterial,,,11,1,10,10,12934,3226,0,0,0,Cells_Number_Object_Number,per_assay_lr,True
0.1%,K10,70_211,cell,,,17,1,16,10,12934,3226,0,0,0,Cells_Number_Object_Number,per_assay_lr,True
0.1%,K10,76_230,biochem,,,19,1,18,10,12934,3226,0,0,0,Cells_Number_Object_Number,per_assay_lr,True
0.1%,K10,78_237,cell,,,7,1,6,10,12934,3226,1,0,1,Cells_Number_Object_Number,per_assay_lr,True
0.1%,K10,82_243,cell,,,8,3,5,10,12934,3226,0,0,0,Cells_Number_Object_Number,per_assay_lr,True
0.1%,K10,83_244,biochem,,,18,1,17,10,12934,3226,0,0,0,Cells_Number_Object_Number,per_assay_lr,True
0.1%,K10,85_247,cell,,,15,7,8,10,12934,3226,0,0,0,Cells_Number_Object_Number,per_assay_lr,True
0.1%,K10,86_250,cell,,,10,1,9,10,12934,3226,0,0,0,Cells_Number_Object_Number,per_assay_lr,True
0.1%,K10,88_252,cell,,,32,1,31,10,12934,3226,0,0,0,Cells_Number_Object_Number,per_assay_lr,True
0.1%,K10,88_254,cell,,,21,5,16,10,12934,3226,0,0,0,Cells_Number_Object_Number,per_assay_lr,True
0.1%,K10,92_258,cell,,,11,5,6,10,12934,3226,0,0,0,Cells_Number_Object_Number,per_assay_lr,True
1%,K100,10_20,bacterial,,,25,2,23,100,12844,3226,0,0,0,Cells_Number_Object_Number,per_assay_lr,True
1%,K100,104_291,cell,,,18,2,16,100,12844,3226,0,0,0,Cells_Number_Object_Number,per_assay_lr,True
1%,K100,104_297,cell,,,11,1,10,100,12844,3226,0,0,0,Cells_Number_Object_Number,per_assay_lr,True
1%,K100,105_341,cell,,,18,3,15,100,12844,3226,0,0,0,Cells_Number_Object_Number,per_assay_lr,True
1%,K100,105_382,cell,,,18,5,13,100,12844,3226,0,0,0,Cells_Number_Object_Number,per_assay_lr,True
1%,K100,105_391,cell,,,11,1,10,100,12844,3226,0,0,0,Cells_Number_Object_Number,per_assay_lr,True
1%,K100,11_21,bacterial,,,10,3,7,100,12844,3226,0,0,0,Cells_Number_Object_Number,per_assay_lr,True
1%,K100,110_400,cell,,,49,2,47,100,12844,3226,0,0,0,Cells_Number_Object_Number,per_assay_lr,True
1%,K100,116_413,yeast,,,21,2,19,100,12844,3226,0,0,0,Cells_Number_Object_Number,per_assay_lr,True
1%,K100,116_414,yeast,,,21,1,20,100,12844,3226,0,0,0,Cells_Number_Object_Number,per_assay_lr,True
1%,K100,116_415,yeast,,,10,4,6,100,12844,3226,0,0,0,Cells_Number_Object_Number,per_assay_lr,True
1%,K100,16_27,cell,,,18,5,13,100,12844,3226,0,0,0,Cells_Number_Object_Number,per_assay_lr,True
1%,K100,169_545,cell,,,27,5,22,100,12844,3226,0,0,0,Cells_Number_Object_Number,per_assay_lr,True
1%,K100,17_28,cell,,,15,1,14,100,12844,3226,0,0,0,Cells_Number_Object_Number,per_assay_lr,True
1%,K100,170_550,cell,,,20,2,18,100,12844,3226,0,0,0,Cells_Number_Object_Number,per_assay_lr,True
1%,K100,175_559,cell,,,10,1,9,100,12844,3226,0,0,0,Cells_Number_Object_Number,per_assay_lr,True
1%,K100,178_684,cell,0.3846418732782369,0.10503441666764193,220,22,198,100,12844,3226,6,1,5,Cells_Number_Object_Number,per_assay_lr,False
1%,K100,180_686,fungal,,,153,14,139,100,12844,3226,0,0,0,Cells_Number_Object_Number,per_assay_lr,True
1%,K100,184_606,cell,,,220,30,190,100,12844,3226,6,0,6,Cells_Number_Object_Number,per_assay_lr,True
1%,K100,19_30,cell,,,15,4,11,100,12844,3226,0,0,0,Cells_Number_Object_Number,per_assay_lr,True
1%,K100,191_630,biochem,,,550,15,535,100,12844,3226,31,0,31,Cells_Number_Object_Number,per_assay_lr,True
1%,K100,191_675,biochem,,,184,2,182,100,12844,3226,14,0,14,Cells_Number_Object_Number,per_assay_lr,True
1%,K100,197_648,biochem,,,31,2,29,100,12844,3226,0,0,0,Cells_Number_Object_Number,per_assay_lr,True
1%,K100,197_649,biochem,0.5244170526811651,0.19051982728572425,318,47,271,100,12844,3226,15,2,13,Cells_Number_Object_Number,per_assay_lr,False
1%,K100,197_650,biochem,0.48098747236551215,0.07696370055845629,318,23,295,100,12844,3226,15,2,13,Cells_Number_Object_Number,per_assay_lr,False
1%,K100,198_682,cell,0.319141689373297,0.0638814773416456,391,24,367,100,12844,3226,17,2,15,Cells_Number_Object_Number,per_assay_lr,False
1%,K100,200_658,cell,,,9,2,7,100,12844,3226,0,0,0,Cells_Number_Object_Number,per_assay_lr,True
1%,K100,217_689,bacterial,,,312,22,290,100,12844,3226,8,0,8,Cells_Number_Object_Number,per_assay_lr,True
1%,K100,219_691,biochem,,,409,10,399,100,12844,3226,20,0,20,Cells_Number_Object_Number,per_assay_lr,True
1%,K100,224_696,bacterial,,,482,27,455,100,12844,3226,21,0,21,Cells_Number_Object_Number,per_assay_lr,True
1%,K100,228_700,biochem,,,172,20,152,100,12844,3226,4,0,4,Cells_Number_Object_Number,per_assay_lr,True
1%,K100,229_701,cell,0.4621337755666114,0.08531810373062322,715,67,648,100,12844,3226,27,2,25,Cells_Number_Object_Number,per_assay_lr,False
1%,K100,232_704,cell,0.7425103305785125,0.3261505470992597,395,32,363,100,12844,3226,18,2,16,Cells_Number_Object_Number,per_assay_lr,False
1%,K100,244_718,biochem,,,2613,17,2596,100,12844,3226,75,0,75,Cells_Number_Object_Number,per_assay_lr,True
1%,K100,247_721,biochem,,,2538,37,2501,100,12844,3226,68,0,68,Cells_Number_Object_Number,per_assay_lr,True
1%,K100,250_726,cell,,,387,5,382,100,12844,3226,15,0,15,Cells_Number_Object_Number,per_assay_lr,True
1%,K100,259_737,biochem,,,1238,3,1235,100,12844,3226,46,0,46,Cells_Number_Object_Number,per_assay_lr,True
1%,K100,268_746,biochem,0.44092296537125614,0.02741554662457282,2385,74,2311,100,12844,3226,63,1,62,Cells_Number_Object_Number,per_assay_lr,False
1%,K100,269_747,cell,0.47576166976416884,0.05113708249622499,2981,157,2824,100,12844,3226,88,2,86,Cells_Number_Object_Number,per_assay_lr,False
1%,K100,271_749,cell,0.4436018309762929,0.14607604455656176,338,51,287,100,12844,3226,13,2,11,Cells_Number_Object_Number,per_assay_lr,False
1%,K100,281_760,cell,,,404,6,398,100,12844,3226,15,0,15,Cells_Number_Object_Number,per_assay_lr,True
1%,K100,37_74,cell,,,11,2,9,100,12844,3226,0,0,0,Cells_Number_Object_Number,per_assay_lr,True
1%,K100,42_104,cell,,,10,1,9,100,12844,3226,0,0,0,Cells_Number_Object_Number,per_assay_lr,True
1%,K100,7_10,bacterial,,,11,1,10,100,12844,3226,0,0,0,Cells_Number_Object_Number,per_assay_lr,True
1%,K100,70_211,cell,,,17,1,16,100,12844,3226,0,0,0,Cells_Number_Object_Number,per_assay_lr,True
1%,K100,76_230,biochem,,,19,1,18,100,12844,3226,0,0,0,Cells_Number_Object_Number,per_assay_lr,True
1%,K100,78_237,cell,,,7,1,6,100,12844,3226,0,0,0,Cells_Number_Object_Number,per_assay_lr,True
1%,K100,82_243,cell,,,8,3,5,100,12844,3226,0,0,0,Cells_Number_Object_Number,per_assay_lr,True
1%,K100,83_244,biochem,,,18,1,17,100,12844,3226,0,0,0,Cells_Number_Object_Number,per_assay_lr,True
1%,K100,85_247,cell,,,15,7,8,100,12844,3226,0,0,0,Cells_Number_Object_Number,per_assay_lr,True
1%,K100,86_250,cell,,,10,1,9,100,12844,3226,0,0,0,Cells_Number_Object_Number,per_assay_lr,True
1%,K100,88_252,cell,,,32,1,31,100,12844,3226,1,0,1,Cells_Number_Object_Number,per_assay_lr,True
1%,K100,88_254,cell,,,21,5,16,100,12844,3226,0,0,0,Cells_Number_Object_Number,per_assay_lr,True
1%,K100,92_258,cell,,,11,5,6,100,12844,3226,0,0,0,Cells_Number_Object_Number,per_assay_lr,True
10%,K1000,10_20,bacterial,0.30434782608695654,0.09,25,2,23,1001,11943,3226,4,1,3,Cells_Number_Object_Number,per_assay_lr,False
10%,K1000,104_291,cell,,,18,2,16,1001,11943,3226,4,0,4,Cells_Number_Object_Number,per_assay_lr,True
10%,K1000,104_297,cell,,,11,1,10,1001,11943,3226,3,0,3,Cells_Number_Object_Number,per_assay_lr,True
10%,K1000,105_341,cell,,,18,3,15,1001,11943,3226,4,0,4,Cells_Number_Object_Number,per_assay_lr,True
10%,K1000,105_382,cell,,,18,5,13,1001,11943,3226,4,0,4,Cells_Number_Object_Number,per_assay_lr,True
10%,K1000,105_391,cell,,,11,1,10,1001,11943,3226,3,0,3,Cells_Number_Object_Number,per_assay_lr,True
10%,K1000,11_21,bacterial,,,10,3,7,1001,11943,3226,3,0,3,Cells_Number_Object_Number,per_assay_lr,True
10%,K1000,110_400,cell,0.7872340425531915,0.12692307692307692,49,2,47,1001,11943,3226,21,2,19,Cells_Number_Object_Number,per_assay_lr,False
10%,K1000,116_413,yeast,,,21,2,19,1001,11943,3226,4,0,4,Cells_Number_Object_Number,per_assay_lr,True
10%,K1000,116_414,yeast,,,21,1,20,1001,11943,3226,4,0,4,Cells_Number_Object_Number,per_assay_lr,True
10%,K1000,116_415,yeast,0.4166666666666667,0.39880952380952384,10,4,6,1001,11943,3226,3,1,2,Cells_Number_Object_Number,per_assay_lr,False
10%,K1000,16_27,cell,0.24615384615384614,0.22137764196587725,18,5,13,1001,11943,3226,6,1,5,Cells_Number_Object_Number,per_assay_lr,False
10%,K1000,169_545,cell,0.7636363636363637,0.5040384615384615,27,5,22,1001,11943,3226,6,1,5,Cells_Number_Object_Number,per_assay_lr,False
10%,K1000,17_28,cell,,,15,1,14,1001,11943,3226,4,0,4,Cells_Number_Object_Number,per_assay_lr,True
10%,K1000,170_550,cell,0.16666666666666663,0.0900735294117647,20,2,18,1001,11943,3226,5,1,4,Cells_Number_Object_Number,per_assay_lr,False
10%,K1000,175_559,cell,,,10,1,9,1001,11943,3226,3,0,3,Cells_Number_Object_Number,per_assay_lr,True
10%,K1000,178_684,cell,0.615358126721763,0.32226014508534023,220,22,198,1001,11943,3226,90,8,82,Cells_Number_Object_Number,per_assay_lr,False
10%,K1000,180_686,fungal,0.7178828365878726,0.18189644497256466,153,14,139,1001,11943,3226,63,10,53,Cells_Number_Object_Number,per_assay_lr,False
10%,K1000,184_606,cell,0.801140350877193,0.5824617163449026,220,30,190,1001,11943,3226,90,5,85,Cells_Number_Object_Number,per_assay_lr,False
10%,K1000,19_30,cell,,,15,4,11,1001,11943,3226,4,0,4,Cells_Number_Object_Number,per_assay_lr,True
10%,K1000,191_630,biochem,0.470404984423676,0.02608532872728379,550,15,535,1001,11943,3226,249,2,247,Cells_Number_Object_Number,per_assay_lr,False
10%,K1000,191_675,biochem,,,184,2,182,1001,11943,3226,83,0,83,Cells_Number_Object_Number,per_assay_lr,True
10%,K1000,197_648,biochem,0.5948275862068966,0.12142857142857143,31,2,29,1001,11943,3226,6,1,5,Cells_Number_Object_Number,per_assay_lr,False
10%,K1000,197_649,biochem,0.4755829473188348,0.17306821213654577,318,47,271,1001,11943,3226,139,17,122,Cells_Number_Object_Number,per_assay_lr,False
10%,K1000,197_650,biochem,0.5190125276344879,0.07870995021384702,318,23,295,1001,11943,3226,139,5,134,Cells_Number_Object_Number,per_assay_lr,False
10%,K1000,198_682,cell,0.6808583106267031,0.2190924570097476,391,24,367,1001,11943,3226,169,9,160,Cells_Number_Object_Number,per_assay_lr,False
10%,K1000,200_658,cell,,,9,2,7,1001,11943,3226,3,0,3,Cells_Number_Object_Number,per_assay_lr,True
10%,K1000,217_689,bacterial,0.6588557993730407,0.1765512965158775,312,22,290,1001,11943,3226,129,3,126,Cells_Number_Object_Number,per_assay_lr,False
10%,K1000,219_691,biochem,0.5092731829573935,0.03142305850634211,409,10,399,1001,11943,3226,173,1,172,Cells_Number_Object_Number,per_assay_lr,False
10%,K1000,224_696,bacterial,0.5071225071225072,0.05676023121475146,482,27,455,1001,11943,3226,194,11,183,Cells_Number_Object_Number,per_assay_lr,False
10%,K1000,228_700,biochem,0.5580592105263158,0.17980157437074418,172,20,152,1001,11943,3226,80,9,71,Cells_Number_Object_Number,per_assay_lr,False
10%,K1000,229_701,cell,0.5378662244333886,0.12423343066305385,715,67,648,1001,11943,3226,302,31,271,Cells_Number_Object_Number,per_assay_lr,False
10%,K1000,232_704,cell,0.7425103305785125,0.3261505470992597,395,32,363,1001,11943,3226,166,12,154,Cells_Number_Object_Number,per_assay_lr,False
10%,K1000,244_718,biochem,0.44875600471313326,0.006653940668032187,2613,17,2596,1001,11943,3226,758,3,755,Cells_Number_Object_Number,per_assay_lr,False
10%,K1000,247_721,biochem,0.48112106508747854,0.0194347431463591,2538,37,2501,1001,11943,3226,723,5,718,Cells_Number_Object_Number,per_assay_lr,False
10%,K1000,250_726,cell,0.8005235602094241,0.07785413043656404,387,5,382,1001,11943,3226,85,2,83,Cells_Number_Object_Number,per_assay_lr,False
10%,K1000,259_737,biochem,0.34156545209176786,0.0023431803966448305,1238,3,1235,1001,11943,3226,395,4,391,Cells_Number_Object_Number,per_assay_lr,False
10%,K1000,268_746,biochem,0.5590770346287439,0.039256384555538065,2385,74,2311,1001,11943,3226,669,23,646,Cells_Number_Object_Number,per_assay_lr,False
10%,K1000,269_747,cell,0.5242383302358311,0.06323145354520063,2981,157,2824,1001,11943,3226,896,39,857,Cells_Number_Object_Number,per_assay_lr,False
10%,K1000,271_749,cell,0.4436018309762929,0.14607604455656176,338,51,287,1001,11943,3226,127,24,103,Cells_Number_Object_Number,per_assay_lr,False
10%,K1000,281_760,cell,0.36976549413735343,0.013618833482776968,404,6,398,1001,11943,3226,162,1,161,Cells_Number_Object_Number,per_assay_lr,False
10%,K1000,37_74,cell,,,11,2,9,1001,11943,3226,3,0,3,Cells_Number_Object_Number,per_assay_lr,True
10%,K1000,42_104,cell,,,10,1,9,1001,11943,3226,3,0,3,Cells_Number_Object_Number,per_assay_lr,True
10%,K1000,7_10,bacterial,,,11,1,10,1001,11943,3226,2,0,2,Cells_Number_Object_Number,per_assay_lr,True
10%,K1000,70_211,cell,,,17,1,16,1001,11943,3226,9,0,9,Cells_Number_Object_Number,per_assay_lr,True
10%,K1000,76_230,biochem,,,19,1,18,1001,11943,3226,4,0,4,Cells_Number_Object_Number,per_assay_lr,True
10%,K1000,78_237,cell,,,7,1,6,1001,11943,3226,4,0,4,Cells_Number_Object_Number,per_assay_lr,True
10%,K1000,82_243,cell,,,8,3,5,1001,11943,3226,2,0,2,Cells_Number_Object_Number,per_assay_lr,True
10%,K1000,83_244,biochem,,,18,1,17,1001,11943,3226,11,0,11,Cells_Number_Object_Number,per_assay_lr,True
10%,K1000,85_247,cell,0.6964285714285714,0.7564935064935066,15,7,8,1001,11943,3226,4,1,3,Cells_Number_Object_Number,per_assay_lr,False
10%,K1000,86_250,cell,,,10,1,9,1001,11943,3226,3,0,3,Cells_Number_Object_Number,per_assay_lr,True
10%,K1000,88_252,cell,,,32,1,31,1001,11943,3226,12,0,12,Cells_Number_Object_Number,per_assay_lr,True
10%,K1000,88_254,cell,0.8,0.5112087912087911,21,5,16,1001,11943,3226,6,1,5,Cells_Number_Object_Number,per_assay_lr,False
10%,K1000,92_258,cell,0.46666666666666673,0.5099567099567099,11,5,6,1001,11943,3226,2,1,1,Cells_Number_Object_Number,per_assay_lr,False
100%,K10000,10_20,bacterial,0.6956521739130435,0.5625,25,2,23,10000,2944,3226,39,1,38,Cells_Number_Object_Number,per_assay_lr,False
100%,K10000,104_291,cell,0.9375,0.75,18,2,16,10000,2944,3226,35,8,27,Cells_Number_Object_Number,per_assay_lr,False
100%,K10000,104_297,cell,1.0,1.0,11,1,10,10000,2944,3226,23,2,21,Cells_Number_Object_Number,per_assay_lr,False
100%,K10000,105_341,cell,0.8444444444444446,0.625,18,3,15,10000,2944,3226,35,11,24,Cells_Number_Object_Number,per_assay_lr,False
100%,K10000,105_382,cell,0.8615384615384616,0.7611111111111111,18,5,13,10000,2944,3226,35,10,25,Cells_Number_Object_Number,per_assay_lr,False
100%,K10000,105_391,cell,0.9,0.5,11,1,10,10000,2944,3226,23,2,21,Cells_Number_Object_Number,per_assay_lr,False
100%,K10000,11_21,bacterial,,,10,3,7,10000,2944,3226,23,0,23,Cells_Number_Object_Number,per_assay_lr,True
100%,K10000,110_400,cell,0.7872340425531915,0.12692307692307692,49,2,47,10000,2944,3226,119,3,116,Cells_Number_Object_Number,per_assay_lr,False
100%,K10000,116_413,yeast,0.1842105263157895,0.08596491228070174,21,2,19,10000,2944,3226,36,1,35,Cells_Number_Object_Number,per_assay_lr,False
100%,K10000,116_414,yeast,,,21,1,20,10000,2944,3226,36,0,36,Cells_Number_Object_Number,per_assay_lr,True
100%,K10000,116_415,yeast,0.4166666666666667,0.39880952380952384,10,4,6,10000,2944,3226,29,3,26,Cells_Number_Object_Number,per_assay_lr,False
100%,K10000,16_27,cell,0.7538461538461538,0.5302564102564102,18,5,13,10000,2944,3226,44,8,36,Cells_Number_Object_Number,per_assay_lr,False
100%,K10000,169_545,cell,0.7636363636363637,0.5040384615384615,27,5,22,10000,2944,3226,47,1,46,Cells_Number_Object_Number,per_assay_lr,False
100%,K10000,17_28,cell,,,15,1,14,10000,2944,3226,36,0,36,Cells_Number_Object_Number,per_assay_lr,True
100%,K10000,170_550,cell,0.8333333333333334,0.325,20,2,18,10000,2944,3226,32,3,29,Cells_Number_Object_Number,per_assay_lr,False
100%,K10000,175_559,cell,,,10,1,9,10000,2944,3226,21,0,21,Cells_Number_Object_Number,per_assay_lr,True
100%,K10000,178_684,cell,0.615358126721763,0.32226014508534023,220,22,198,10000,2944,3226,722,46,676,Cells_Number_Object_Number,per_assay_lr,False
100%,K10000,180_686,fungal,0.7178828365878726,0.18189644497256466,153,14,139,10000,2944,3226,444,37,407,Cells_Number_Object_Number,per_assay_lr,False
100%,K10000,184_606,cell,0.801140350877193,0.5824617163449026,220,30,190,10000,2944,3226,721,48,673,Cells_Number_Object_Number,per_assay_lr,False
100%,K10000,19_30,cell,0.7727272727272727,0.5416666666666666,15,4,11,10000,2944,3226,36,6,30,Cells_Number_Object_Number,per_assay_lr,False
100%,K10000,191_630,biochem,0.5295950155763239,0.030921406439653944,550,15,535,10000,2944,3226,2207,31,2176,Cells_Number_Object_Number,per_assay_lr,False
100%,K10000,191_675,biochem,0.673076923076923,0.036024527337761875,184,2,182,10000,2944,3226,884,7,877,Cells_Number_Object_Number,per_assay_lr,False
100%,K10000,197_648,biochem,0.5948275862068966,0.12142857142857143,31,2,29,10000,2944,3226,63,2,61,Cells_Number_Object_Number,per_assay_lr,False
100%,K10000,197_649,biochem,0.4755829473188348,0.17306821213654577,318,47,271,10000,2944,3226,1472,158,1314,Cells_Number_Object_Number,per_assay_lr,False
100%,K10000,197_650,biochem,0.5190125276344879,0.07870995021384702,318,23,295,10000,2944,3226,1472,66,1406,Cells_Number_Object_Number,per_assay_lr,False
100%,K10000,198_682,cell,0.6808583106267031,0.2190924570097476,391,24,367,10000,2944,3226,1387,98,1289,Cells_Number_Object_Number,per_assay_lr,False
100%,K10000,200_658,cell,1.0,1.0,9,2,7,10000,2944,3226,15,2,13,Cells_Number_Object_Number,per_assay_lr,False
100%,K10000,217_689,bacterial,0.6588557993730407,0.1765512965158775,312,22,290,10000,2944,3226,1319,45,1274,Cells_Number_Object_Number,per_assay_lr,False
100%,K10000,219_691,biochem,0.4907268170426065,0.026466228033275245,409,10,399,10000,2944,3226,1441,22,1419,Cells_Number_Object_Number,per_assay_lr,False
100%,K10000,224_696,bacterial,0.5071225071225072,0.05676023121475146,482,27,455,10000,2944,3226,1718,70,1648,Cells_Number_Object_Number,per_assay_lr,False
100%,K10000,228_700,biochem,0.5580592105263158,0.17980157437074418,172,20,152,10000,2944,3226,598,38,560,Cells_Number_Object_Number,per_assay_lr,False
100%,K10000,229_701,cell,0.5378662244333886,0.12423343066305385,715,67,648,10000,2944,3226,2730,252,2478,Cells_Number_Object_Number,per_assay_lr,False
100%,K10000,232_704,cell,0.7425103305785125,0.3261505470992597,395,32,363,10000,2944,3226,1369,121,1248,Cells_Number_Object_Number,per_assay_lr,False
100%,K10000,244_718,biochem,0.44875600471313326,0.006653940668032187,2613,17,2596,10000,2944,3226,7997,50,7947,Cells_Number_Object_Number,per_assay_lr,False
100%,K10000,247_721,biochem,0.5188789349125216,0.017731343665908728,2538,37,2501,10000,2944,3226,7552,82,7470,Cells_Number_Object_Number,per_assay_lr,False
100%,K10000,250_726,cell,0.8005235602094241,0.07785413043656404,387,5,382,10000,2944,3226,1860,29,1831,Cells_Number_Object_Number,per_assay_lr,False
100%,K10000,259_737,biochem,0.6584345479082321,0.004704548047857729,1238,3,1235,10000,2944,3226,4471,28,4443,Cells_Number_Object_Number,per_assay_lr,False
100%,K10000,268_746,biochem,0.5590770346287439,0.039256384555538065,2385,74,2311,10000,2944,3226,7183,238,6945,Cells_Number_Object_Number,per_assay_lr,False
100%,K10000,269_747,cell,0.5242383302358311,0.06323145354520063,2981,157,2824,10000,2944,3226,9226,351,8875,Cells_Number_Object_Number,per_assay_lr,False
100%,K10000,271_749,cell,0.556398169023707,0.22671104645776496,338,51,287,10000,2944,3226,1276,186,1090,Cells_Number_Object_Number,per_assay_lr,False
100%,K10000,281_760,cell,0.36976549413735343,0.013618833482776968,404,6,398,10000,2944,3226,1480,18,1462,Cells_Number_Object_Number,per_assay_lr,False
100%,K10000,37_74,cell,0.7777777777777778,0.41666666666666663,11,2,9,10000,2944,3226,23,1,22,Cells_Number_Object_Number,per_assay_lr,False
100%,K10000,42_104,cell,0.4444444444444444,0.16666666666666666,10,1,9,10000,2944,3226,21,1,20,Cells_Number_Object_Number,per_assay_lr,False
100%,K10000,7_10,bacterial,,,11,1,10,10000,2944,3226,21,0,21,Cells_Number_Object_Number,per_assay_lr,True
100%,K10000,70_211,cell,0.0625,0.0625,17,1,16,10000,2944,3226,44,2,42,Cells_Number_Object_Number,per_assay_lr,False
100%,K10000,76_230,biochem,,,19,1,18,10000,2944,3226,29,0,29,Cells_Number_Object_Number,per_assay_lr,True
100%,K10000,78_237,cell,,,7,1,6,10000,2944,3226,25,0,25,Cells_Number_Object_Number,per_assay_lr,True
100%,K10000,82_243,cell,0.7333333333333333,0.7,8,3,5,10000,2944,3226,19,1,18,Cells_Number_Object_Number,per_assay_lr,False
100%,K10000,83_244,biochem,,,18,1,17,10000,2944,3226,52,0,52,Cells_Number_Object_Number,per_assay_lr,True
100%,K10000,85_247,cell,0.6964285714285714,0.7564935064935066,15,7,8,10000,2944,3226,29,10,19,Cells_Number_Object_Number,per_assay_lr,False
100%,K10000,86_250,cell,0.6666666666666667,0.25,10,1,9,10000,2944,3226,21,1,20,Cells_Number_Object_Number,per_assay_lr,False
100%,K10000,88_252,cell,,,32,1,31,10000,2944,3226,67,0,67,Cells_Number_Object_Number,per_assay_lr,True
100%,K10000,88_254,cell,0.8,0.5112087912087911,21,5,16,10000,2944,3226,39,3,36,Cells_Number_Object_Number,per_assay_lr,False
100%,K10000,92_258,cell,0.5333333333333332,0.6088888888888888,11,5,6,10000,2944,3226,21,6,15,Cells_Number_Object_Number,per_assay_lr,False
