assay_id,assay_type,assay_name,nearest_train_assay_id,nearest_train_assay_type,nearest_train_assay_name,nearest_biolord_cosine,feature,threshold,direction,train_balanced_accuracy,train_binary_auroc,n_train_labels,n_train_pos,n_train_neg,test_set_length,num_actives,num_inactives,constant_fallback,auroc,auprc,balanced_accuracy,precision,recall,f1
10_20,bacterial,BacterialViability.FluorProt.485/538,181_600,bacterial,TBChemicalGenetics,0.7646049,Cells_Number_Object_Number,-8.73828125,high_cell_count_active,0.858974358974359,0.858974358974359,40,1,39,64,3,61,False,0.45355191256830596,0.04359567901234568,0.45355191256830596,0.037037037037037035,0.3333333333333333,0.06666666666666667
104_291,cell,MODYCellProfiling.FluorDye.Resazurin,104_300,cell,MODYCellProfiling.FluorDye.Resazurin,0.9380981,Cells_Number_Object_Number,-7.203125,low_cell_count_active,0.7954545454545454,0.7954545454545454,28,6,22,53,10,43,False,0.7209302325581395,0.29411764705882354,0.7209302325581395,0.29411764705882354,1.0,0.45454545454545453
104_297,cell,MODYCellProfiling.FluorDye.Resazurin,104_295,cell,MODYCellProfiling.FluorDye.Resazurin,0.94277716,Cells_Number_Object_Number,-34.34375,low_cell_count_active,0.9264705882352942,0.926470588235294,35,1,34,34,3,31,False,0.9516129032258064,0.5,0.9516129032258065,0.5,1.0,0.6666666666666666
105_341,cell,MODYCellProfiling.Lumin.CTG,105_374,cell,MODYCellProfiling.Lumin.CTG,0.89630866,Cells_Number_Object_Number,-14.5546875,low_cell_count_active,0.7480769230769231,0.7480769230769232,53,13,40,53,14,39,False,0.7133699633699633,0.40231805929919134,0.7133699633699634,0.44,0.7857142857142857,0.5641025641025641
105_382,cell,MODYCellProfiling.Lumin.CTG,105_378,cell,MODYCellProfiling.Lumin.CTG,0.9396382,Cells_Number_Object_Number,-26.00390625,low_cell_count_active,0.7132034632034632,0.7132034632034632,53,11,42,53,15,38,False,0.6807017543859649,0.44791309319611206,0.6807017543859649,0.6363636363636364,0.4666666666666667,0.5384615384615385
105_391,cell,MODYCellProfiling.Lumin.CTG,105_369,cell,MODYCellProfiling.Lumin.CTG,0.9136345,Cells_Number_Object_Number,-10.727644230769231,low_cell_count_active,0.73,0.73,54,4,50,34,3,31,False,0.7258064516129032,0.15,0.7258064516129032,0.15,1.0,0.2608695652173913
11_21,bacterial,BacterialViability.Lumin.BTG,11_22,bacterial,BacterialViability.Lumin.BTG,0.6424208,Cells_Number_Object_Number,-7.711177884615385,low_cell_count_active,0.6508620689655172,0.6508620689655172,33,4,29,33,3,30,False,0.6,0.11363636363636363,0.6,0.125,0.6666666666666666,0.21052631578947367
110_400,cell,NOXFamilySignaling.FluorDye.AmplexRed,110_397,cell,NOXFamilySignaling.FluorDye.AmplexRed,0.93195856,Cells_Number_Object_Number,2.02734375,high_cell_count_active,0.6025641025641026,0.6025641025641024,168,12,156,168,5,163,False,0.3404907975460123,0.02976190476190476,0.34049079754601225,0.0,0.0,0.0
116_413,yeast,Phosphodiesterase.Absorb.600,116_412,yeast,Phosphodiesterase.Absorb.600,0.9584887,Cells_Number_Object_Number,-3.15625,high_cell_count_active,0.6278735632183908,0.6278735632183908,128,12,116,57,3,54,False,0.6481481481481481,0.07814992025518341,0.6481481481481481,0.09090909090909091,0.6666666666666666,0.16
116_414,yeast,Phosphodiesterase.Absorb.600,116_424,yeast,Phosphodiesterase.Absorb.600,0.9546524,Cells_Number_Object_Number,-8.3984375,low_cell_count_active,0.7647058823529411,0.7647058823529411,73,5,68,57,1,56,False,0.2142857142857143,0.017543859649122806,0.21428571428571427,0.0,0.0,0.0
116_415,yeast,Phosphodiesterase.Absorb.600,116_425,yeast,Phosphodiesterase.Absorb.600,0.9390253,Cells_Number_Object_Number,-37.83984375,low_cell_count_active,0.6533333333333333,0.6533333333333333,78,3,75,39,7,32,False,0.5401785714285714,0.20146520146520147,0.5401785714285714,0.3333333333333333,0.14285714285714285,0.2
16_27,cell,BetaCateninSignaling.FluorDye.PosNucW2_Int,15_26,cell,BetaCateninSignaling.FluorDye.PosCellsW2_Int,0.91075456,Cells_Number_Object_Number,-26.2578125,low_cell_count_active,0.8720238095238095,0.8720238095238095,62,6,56,62,13,49,False,0.7872841444270016,0.572952853598015,0.7872841444270016,0.8,0.6153846153846154,0.6956521739130435
169_545,cell,WntSignalling.Lumin.Lux-Duo,169_549,cell,WntSignalling.Lumin.Lux-Duo,0.8033702,Cells_Number_Object_Number,-26.580078125,low_cell_count_active,0.7893877551020408,0.789387755102041,74,25,49,74,6,68,False,0.7230392156862744,0.16737790422000948,0.7230392156862745,0.21052631578947367,0.6666666666666666,0.32
17_28,cell,BetaCateninSignaling.FluorDye.PosW2,12_23,cell,BetaCateninSignaling.FluorDye.InOutDiff,0.9173628,Cells_Number_Object_Number,-10.727644230769231,low_cell_count_active,0.8178571428571428,0.8178571428571428,62,20,42,51,1,50,False,0.76,0.04,0.76,0.04,1.0,0.07692307692307693
170_550,cell,WntSignalling.Lumin.Lux-FF/Ren,170_551,cell,WntSignalling.Lumin.Lux-FF/Ren,0.91540885,Cells_Number_Object_Number,6.039423076923077,high_cell_count_active,0.74,0.74,52,2,50,52,5,47,False,0.4787234042553192,0.09615384615384616,0.4787234042553192,0.0,0.0,0.0
175_559,cell,YeastGrowthInhibition.Absorb.600,118_432,yeast,PI3KinaseSignaling.Absorb.600,0.81604403,Cells_Number_Object_Number,-10.5234375,low_cell_count_active,0.8050632911392406,0.8050632911392406,89,10,79,31,1,30,False,0.7666666666666666,0.06666666666666667,0.7666666666666666,0.06666666666666667,1.0,0.125
178_684,cell,MITF,234_707,cell,MLPCN esBAF inhibitor,0.7361721,Cells_Number_Object_Number,-2.19921875,low_cell_count_active,0.5389171632298853,0.5389171632298854,15418,514,14904,953,68,885,False,0.6031904287138584,0.0907840643619598,0.6031904287138584,0.10138248847926268,0.6470588235294118,0.1752988047808765
180_686,fungal,AntifungalDrugResistance,179_659,fungal,AntifungalDrugResistance,0.82411397,Cells_Number_Object_Number,-2.77734375,low_cell_count_active,0.6650436193954149,0.6650436193954148,1652,9,1643,597,51,546,False,0.6288515406162465,0.11609289248194468,0.6288515406162465,0.13011152416356878,0.6862745098039216,0.21875000000000003
184_606,cell,STK33,187_619,cell,STK33invitro,0.7151815,Cells_Number_Object_Number,-6.0546875,low_cell_count_active,0.8239514348785872,0.8239514348785872,157,6,151,952,78,874,False,0.7018570674177081,0.15828711808262427,0.7018570674177081,0.20600858369098712,0.6153846153846154,0.3086816720257235
19_30,cell,BetaCateninSignaling.FluorDye.TotPos,15_26,cell,BetaCateninSignaling.FluorDye.PosCellsW2_Int,0.90688366,Cells_Number_Object_Number,-26.2578125,low_cell_count_active,0.8720238095238095,0.8720238095238095,62,6,56,51,10,41,False,0.8256097560975609,0.6032679738562091,0.8256097560975609,0.7777777777777778,0.7,0.7368421052631577
191_630,biochem,MLPCNRanGTPinhibitor,240_714,biochem,MLPCN AF4-AF9,0.6967586,Cells_Number_Object_Number,-2.666015625,low_cell_count_active,0.6172305483565481,0.6172305483565481,13430,529,12901,2764,46,2718,False,0.46595962504399013,0.01577206849767632,0.46595962504399013,0.013002364066193853,0.2391304347826087,0.02466367713004484
191_675,biochem,MLPCNRanGTPinhibitor,239_713,biochem,MLPCN ARNT/TACC3,0.6886109,Cells_Number_Object_Number,-6.788684475806452,low_cell_count_active,0.5435509751453228,0.5435509751453228,14194,182,14012,1072,9,1063,False,0.4487822723946901,0.007950016001862036,0.44878227239469004,0.0043859649122807015,0.1111111111111111,0.008438818565400843
197_648,biochem,LSD1,197_646,biochem,LSD1,0.923174,Cells_Number_Object_Number,1.48828125,low_cell_count_active,0.6017545462852966,0.6017545462852966,737,31,706,94,4,90,False,0.6388888888888888,0.057971014492753624,0.6388888888888888,0.057971014492753624,1.0,0.1095890410958904
197_649,biochem,LSD1,197_647,biochem,LSD1,0.8998806,Cells_Number_Object_Number,-3.85516826923077,low_cell_count_active,0.6158536585365854,0.6158536585365855,94,12,82,1830,208,1622,False,0.5329335815232856,0.12140278234080185,0.5329335815232856,0.13260530421216848,0.40865384615384615,0.20023557126030622
197_650,biochem,LSD1,197_646,biochem,LSD1,0.9187268,Cells_Number_Object_Number,1.48828125,low_cell_count_active,0.6017545462852966,0.6017545462852966,737,31,706,1830,90,1740,False,0.5369731800766283,0.0529765145061536,0.5369731800766283,0.05399239543726236,0.7888888888888889,0.101067615658363
198_682,cell,MLPCNBetaCellApoptosis,192_635,cell,BetaCellApoptosisScreen,0.7764752,Cells_Number_Object_Number,-26.580078125,low_cell_count_active,0.7622767857142857,0.7622767857142857,71,7,64,1781,122,1659,False,0.5353783140149606,0.11087138899152779,0.5353783140149606,0.6428571428571429,0.07377049180327869,0.1323529411764706
200_658,cell,LSC,216_687,biochem,MLPCN CDK5,0.5774834,Cells_Number_Object_Number,-6.21484375,high_cell_count_active,0.5612679808204581,0.5612679808204581,1900,23,1877,24,4,20,False,0.07500000000000001,0.16666666666666666,0.075,0.0,0.0,0.0
217_689,bacterial,MLPCN Streptokinase expression,217_688,bacterial,MLPCN Streptokinase expression,0.86318475,Cells_Number_Object_Number,-2.666015625,low_cell_count_active,0.5965801975718271,0.5965801975718272,1817,178,1639,1652,68,1584,False,0.5937128639334521,0.05220757991805315,0.5937128639334521,0.061461794019933555,0.5441176470588235,0.11044776119402985
219_691,biochem,MLPCN RTT109,267_745,yeast,MLPCN Start codon fidelity,0.7161067,Cells_Number_Object_Number,-7.17578125,low_cell_count_active,0.6359293333643814,0.6359293333643813,8551,227,8324,1854,33,1821,False,0.5089860715890369,0.018167107972933215,0.508986071589037,0.020833333333333332,0.12121212121212122,0.03555555555555555
224_696,bacterial,MLPCN Topoisomerase 1 Y. pestis,181_600,bacterial,TBChemicalGenetics,0.67382514,Cells_Number_Object_Number,-8.73828125,high_cell_count_active,0.858974358974359,0.858974358974359,40,1,39,2232,99,2133,False,0.5181136257085625,0.04594852987873746,0.5181136257085625,0.04603330068560235,0.9494949494949495,0.08780943484353107
228_700,biochem,Sonic hedgehog signalling,275_754,cell,MLPCN X-reactivation,0.57578504,Cells_Number_Object_Number,-6.211718750000001,low_cell_count_active,0.5466497422878683,0.5466497422878683,14961,105,14856,781,58,723,False,0.5113750178852483,0.0759570735482348,0.5113750178852483,0.08040201005025126,0.27586206896551724,0.1245136186770428
229_701,cell,MLPCN Alpha-Synuclein 5'UTR,217_688,bacterial,MLPCN Streptokinase expression,0.68075573,Cells_Number_Object_Number,-2.666015625,low_cell_count_active,0.5965801975718271,0.5965801975718272,1817,178,1639,3469,319,3150,False,0.5155291834602179,0.09479377686187518,0.5155291834602179,0.10057471264367816,0.329153605015674,0.15407190022010273
232_704,cell,MLPCN Cancer Stem Cells,232_705,cell,MLPCN Cancer Stem Cells,0.79880965,Cells_Number_Object_Number,-6.359375,low_cell_count_active,0.6522304476849932,0.6522304476849932,1768,74,1694,1768,153,1615,False,0.6703130374957,0.18715872622808533,0.6703130374957,0.32338308457711445,0.42483660130718953,0.36723163841807915
244_718,biochem,MLPCN ERp5,227_699,biochem,MLPCN PDI Inhibitor,0.6459295,Cells_Number_Object_Number,-23.4921875,low_cell_count_active,0.5830677624958068,0.5830677624958068,2190,22,2168,13427,78,13349,False,0.5085130740610551,0.006098544966841339,0.5085130740610552,0.017094017094017096,0.02564102564102564,0.020512820512820513
247_721,biochem,MLPCN PHGDH,220_692,biochem,IDH1/2,0.6526704,Cells_Number_Object_Number,-2.8819474938199328,low_cell_count_active,0.54817870152132,0.54817870152132,11043,273,10770,12892,162,12730,False,0.5466817956998633,0.014012434309248395,0.5466817956998633,0.015690376569037656,0.46296296296296297,0.03035208417644678
250_726,cell,GPR85,249_724,biochem,MLPCN S100A4,0.6944592,Cells_Number_Object_Number,-3.591796875,low_cell_count_active,0.5245310001261623,0.5245310001261623,13326,575,12751,3192,45,3147,False,0.7297320199131448,0.032746596460163244,0.7297320199131447,0.041168658698539175,0.6888888888888889,0.07769423558897243
259_737,biochem,MLPCN CAL PDZ,258_736,biochem,MLPCN CAL PDZ,0.815877,Cells_Number_Object_Number,2.25390625,high_cell_count_active,0.5769617706237424,0.5769617706237424,1860,14,1846,7162,36,7126,False,0.5071919730564132,0.005102835065531485,0.5071919730564132,0.00533175355450237,0.25,0.010440835266821345
268_746,biochem,MCL-1 DSF,108_394,cell,MTBMacrophage.Lumin.CTG;GFP;DAPI,0.58512604,Cells_Number_Object_Number,-14.5546875,low_cell_count_active,0.6666666666666667,0.6666666666666666,35,5,30,12354,397,11957,False,0.5064699724811557,0.03264880718795968,0.5064699724811557,0.040998217468805706,0.05793450881612091,0.04801670146137788
269_747,cell,MLPCN Insulin Secretion,26_37,cell,BetaCellDifferentiation.ImmFluor.TotalPosEndocrine,0.7376161,Cells_Number_Object_Number,0.7234675480769219,high_cell_count_active,0.8863636363636364,0.8863636363636364,45,1,44,15076,606,14470,False,0.47402090589155677,0.03847064900882418,0.4740209058915567,0.0346039970392302,0.3085808580858086,0.06222961730449251
271_749,cell,MLPCN iPSC Wnt-B-catenin,169_549,cell,WntSignalling.Lumin.Lux-Duo,0.7165001,Cells_Number_Object_Number,-26.580078125,low_cell_count_active,0.7893877551020408,0.789387755102041,74,25,49,1650,237,1413,False,0.5129852096714952,0.153000625845396,0.5129852096714952,0.42105263157894735,0.03375527426160337,0.0625
281_760,cell,MLPCN CaV1.3,264_742,biochem,MLPCN Rad54,0.64930373,Cells_Number_Object_Number,-2.490234375,low_cell_count_active,0.6425480328855623,0.6425480328855623,14495,37,14458,1919,24,1895,False,0.5157431838170624,0.012935377022275731,0.5157431838170624,0.013793103448275862,0.3333333333333333,0.026490066225165566
37_74,cell,CardiovascularProfiling.FluorDye.JC1Mito,37_77,cell,CardiovascularProfiling.FluorDye.JC1Mito,0.9166012,Cells_Number_Object_Number,-13.3046875,high_cell_count_active,0.7575757575757576,0.7575757575757576,34,1,33,34,3,31,False,0.22580645161290325,0.08823529411764706,0.22580645161290322,0.0,0.0,0.0
42_104,cell,CellMetabolicProfiling.Absorb.MTTStain,42_103,cell,CellMetabolicProfiling.Absorb.MTTStain,0.7585304,Cells_Number_Object_Number,-10.727644230769231,low_cell_count_active,0.7833333333333333,0.7833333333333333,31,1,30,31,2,29,False,0.5258620689655172,0.06797235023041474,0.5258620689655172,0.07142857142857142,0.5,0.125
7_10,bacterial,AspulvinoneRegulation.Absorb.405,7_11,bacterial,AspulvinoneRegulation.Absorb.405,0.9268839,Cells_Number_Object_Number,-19.9453125,low_cell_count_active,0.788888888888889,0.788888888888889,32,5,27,32,1,31,False,0.8548387096774194,0.1,0.8548387096774194,0.1,1.0,0.18181818181818182
70_211,cell,CyclicAMPSignaling.Reporter.cAMP-EBX1,274_752,cell,MLPCN LGR2,0.666493,Cells_Number_Object_Number,-3.33984375,high_cell_count_active,0.5474575754218182,0.547457575421818,15121,107,15014,61,3,58,False,0.5660919540229885,0.056797483026991225,0.5660919540229885,0.06060606060606061,0.6666666666666666,0.1111111111111111
76_230,biochem,eCadherinSignaling.Lumin.CTG,100_277,cell,KRasSyntheticLethality.Lumin.CTG,0.64193296,Cells_Number_Object_Number,-13.4375,low_cell_count_active,0.7712418300653594,0.7712418300653594,43,9,34,48,1,47,False,0.26595744680851063,0.020833333333333332,0.26595744680851063,0.0,0.0,0.0
78_237,cell,ErythroidSurvival.Lumin.CTG,100_277,cell,KRasSyntheticLethality.Lumin.CTG,0.5196359,Cells_Number_Object_Number,-13.4375,low_cell_count_active,0.7712418300653594,0.7712418300653594,43,9,34,32,1,31,False,0.3225806451612903,0.03125,0.3225806451612903,0.0,0.0,0.0
82_243,cell,GenotypeProfiling.FluorDye.Resazurin,82_242,cell,GenotypeProfiling.FluorDye.Resazurin,0.80293125,Cells_Number_Object_Number,-19.06364182692308,low_cell_count_active,0.7779220779220779,0.7779220779220779,81,11,70,27,4,23,False,0.6195652173913043,0.19907407407407407,0.6195652173913043,0.25,0.5,0.3333333333333333
83_244,biochem,GlutamateDehydrogenase.Absorb.360,83_245,biochem,GlutamateDehydrogenase.Absorb.360,0.8596974,Cells_Number_Object_Number,-25.20703125,low_cell_count_active,0.7155172413793103,0.7155172413793104,31,2,29,70,1,69,False,0.9420289855072465,0.1111111111111111,0.9420289855072463,0.1111111111111111,1.0,0.19999999999999998
85_247,cell,GSISyntheticLethality.FluorDye.Resazurin,85_248,cell,GSISyntheticLethality.FluorDye.Resazurin,0.8023012,Cells_Number_Object_Number,-26.07421875,low_cell_count_active,0.7537878787878788,0.7537878787878787,47,3,44,44,17,27,False,0.7461873638344226,0.658288770053476,0.7461873638344226,0.9,0.5294117647058824,0.6666666666666667
86_250,cell,HairlessSignaling.Reporter.Lux-Hrl,86_249,cell,HairlessSignaling.Reporter.Lux-Hrl,0.8801013,Cells_Number_Object_Number,-14.5546875,high_cell_count_active,0.7037037037037037,0.7037037037037037,31,4,27,31,2,29,False,0.6896551724137931,0.1,0.6896551724137931,0.1,1.0,0.18181818181818182
88_252,cell,HeatShockModulation.FluorProt.HSE-GFP,153_510,cell,StemCellDifferentiation.ImmFluor.CellCt,0.6567497,Cells_Number_Object_Number,-34.5078125,low_cell_count_active,0.9102564102564102,0.9102564102564102,41,2,39,99,1,98,False,0.45918367346938777,0.010101010101010102,0.45918367346938777,0.0,0.0,0.0
88_254,cell,HeatShockModulation.FluorProt.HSE-GFP,194_639,biochem,MLPCNGSK3beta,0.5725889,Cells_Number_Object_Number,5.322265625,high_cell_count_active,0.5405769762102114,0.5405769762102115,1838,59,1779,60,8,52,False,0.47115384615384615,0.13333333333333333,0.47115384615384615,0.0,0.0,0.0
92_258,cell,HepatitisCInfectivity.Reporter.Lux-Feo,91_257,cell,HepatitisCInfectivity.Lumin.CTG,0.8991812,Cells_Number_Object_Number,-21.5546875,low_cell_count_active,0.8454106280193237,0.8454106280193238,32,9,23,32,11,21,False,0.7705627705627704,0.619949494949495,0.7705627705627706,0.7777777777777778,0.6363636363636364,0.7000000000000001
